지역,연도,당해계획예산_백만원,세부사업수,예산금액_존재_사업수,예산결측_사업수,음수예산_사업수,합계출산율,예산_QA_그룹수,예산_QA_일치건수,예산_QA_불일치건수,예산_QA_판정불가건수,예산_QA_허용초과건수,예산_QA_최대절대오차율,원자료_누락주의,소비자물가지수,기준연도,20_39세_인구_명,실질계획예산_2020년가격_백만원,log1p_실질계획예산,20_39세_1인당_실질예산_원,log1p_20_39세_1인당_실질예산,총액기준_재정대응지수_z,재정대응지수_z,재정대응점수_0_100,실질예산_전년증감액_백만원,실질예산_전년증감률,log실질예산_전년변화,log1인당실질예산_전년변화,전년도_합계출산율,전전년도_합계출산율,직전1년_출산율하락도,세출예산순계액_백만원,세출예산순계액_원,예산단계,자치단체수,출처,포함회계,계획예산_총세출비율_pct,분모대안,분자분모_단위
강원,2016,966330.0,251,250,1,0,1.237,6,3,3,0,0,3.04,,95.718,2020=100,370276,1009559.330533442,13.82502547773627,2726504.9058903144,14.818531459452752,-0.5623690569958588,-0.3476367466197292,52.07602720097654,,,,,,,,9415973.114,9415973114000,당초예산,19,행정안전부 지방재정365 기능별 회계별 세출예산,일반회계+기타특별회계+공기업특별회계,10.262667366405566,지역통합_3개회계_순계,백만원
강원,2017,1189656.0,276,276,0,0,1.123,6,0,0,6,0,,,97.492,2020=100,366102,1220260.1239076026,14.014575429796842,3333115.153447953,15.019418206201983,-0.3534868798930773,0.0528540900057638,58.19038256380749,210700.79337416065,0.2087057065411186,0.1895499520605721,0.2008867467492301,1.237,,,9521900.642,9521900642000,당초예산,19,행정안전부 지방재정365 기능별 회계별 세출예산,일반회계+기타특별회계+공기업특별회계,12.493892183169454,지역통합_3개회계_순계,백만원
강원,2018,1070709.0,77,77,0,0,1.067,3,0,0,3,0,,원자료에 자체사업 상세가 없어 세부사업 합계가 과소대표될 수 있음,99.158,2020=100,358469,1079800.9237782126,13.892288178370787,3012257.4721334693,14.91820067834144,-0.4882462244991206,-0.1489346943217371,55.10964207544083,-140459.20012939,-0.1151059494426497,-0.1222872514260551,-0.1012175278605447,1.123,1.237,0.1140000000000001,10154992.436,10154992436000,당초예산,19,행정안전부 지방재정365 기능별 회계별 세출예산,일반회계+기타특별회계+공기업특별회계,10.543671073592122,지역통합_3개회계_순계,백만원
강원,2019,1610182.0,428,428,0,0,1.082,6,4,2,0,0,0.02,,99.467,2020=100,351771,1618810.2586787578,14.29720264691318,4601886.621349565,15.341977129755072,-0.0420344749834941,0.6959124064215041,68.00805304715591,539009.3349005452,0.4991747302961706,0.404914468542394,0.4237764514136337,1.067,1.123,0.056,11146370.678,11146370678000,당초예산,19,행정안전부 지방재정365 기능별 회계별 세출예산,일반회계+기타특별회계+공기업특별회계,14.445796273203754,지역통합_3개회계_순계,백만원
강원,2020,1479594.0,470,470,0,0,1.036,6,4,2,0,0,0.0,,100.0,2020=100,346364,1479594.0,14.207278959643023,4271789.215969327,15.26754355166764,-0.1411294911832212,0.5475205067882384,65.74253103180008,-139216.25867875782,-0.0859991206087262,-0.0899236872701561,-0.074433578087433,1.082,1.067,-0.0150000000000001,12186115.761,12186115761000,당초예산,19,행정안전부 지방재정365 기능별 회계별 세출예산,일반회계+기타특별회계+공기업특별회계,12.141637491539663,지역통합_3개회계_순계,백만원
강원,2021,1968341.0,437,437,0,0,0.979,8,8,0,0,0,0.0,,102.59,2020=100,338241,1918648.016375865,14.467131859030811,5672428.87874582,15.551128133945946,0.1452258402770896,1.1128789908524208,74.37394619247286,439054.0163758651,0.2967395220417663,0.2598528993877878,0.2835845822783067,1.036,1.082,0.046,12917687.435,12917687435000,당초예산,19,행정안전부 지방재정365 기능별 회계별 세출예산,일반회계+기타특별회계+공기업특별회계,15.23756484977994,지역통합_3개회계_순계,백만원
강원,2022,1320745.8,521,521,0,0,0.968,8,7,1,0,0,0.0,,108.06,2020=100,330559,1222233.759022765,14.01619151075608,3697475.364527256,15.123161081261944,-0.3517059746199804,0.2596774444531436,61.34798661058014,-696414.2573531,-0.3629713482666598,-0.4509403482747327,-0.4279670526840036,0.979,1.036,0.057,13816924.422,13816924422000,당초예산,19,행정안전부 지방재정365 기능별 회계별 세출예산,일반회계+기타특별회계+공기업특별회계,9.558898635191508,지역통합_3개회계_순계,백만원
강원,2023,2579093.0,537,537,0,0,0.893,8,5,3,0,0,0.0,,111.62,2020=100,322204,2310601.1467478946,14.653018718117396,7171236.690878743,15.785588818442674,0.350071325061995,1.5803033342168755,81.51018572456671,1088367.3877251295,0.8904740027761398,0.6368272073613159,0.6624277371807317,0.968,0.979,0.011,14912819.337,14912819337000,당초예산,19,행정안전부 지방재정365 기능별 회계별 세출예산,일반회계+기타특별회계+공기업특별회계,17.294469554801395,지역통합_3개회계_순계,백만원
강원,2024,2540007.0,496,496,0,0,0.889,8,8,0,0,0,0.0,,114.24,2020=100,314734,2223395.4831932774,14.614546532055687,7064363.822126867,15.77057366519381,0.3076753555821154,1.5503688990985434,81.05317208739767,-87205.6635546172,-0.0377415477687945,-0.0384721860617069,-0.0150151532488642,0.893,0.968,0.0749999999999999,14634273.729,14634273729000,당초예산,19,행정안전부 지방재정365 기능별 회계별 세출예산,일반회계+기타특별회계+공기업특별회계,17.35656341432644,지역통합_3개회계_순계,백만원
경기,2016,4814583.0,126,124,2,0,1.194,6,6,0,0,0,0.0,,95.718,2020=100,3643196,5029966.150567291,15.43092401135227,1380646.5945195623,14.13806321845099,1.207315283523947,-1.7042284558581011,31.364732374747703,,,,,,,,36249467.525,36249467525000,당초예산,32,행정안전부 지방재정365 기능별 회계별 세출예산,일반회계+기타특별회계+공기업특별회계,13.281803371813805,지역통합_3개회계_순계,백만원
경기,2017,5514545.0,123,118,5,0,1.069,6,0,0,6,0,,,97.492,2020=100,3656513,5656407.70524761,15.548299744423062,1546940.406132184,14.251790253034525,1.3366621833587051,-1.4775005309733755,34.826222567889886,626441.5546803186,0.1245419026546863,0.1173757330707925,0.113727034583535,1.194,,,38770100.561,38770100561000,당초예산,32,행정안전부 지방재정365 기능별 회계별 세출예산,일반회계+기타특별회계+공기업특별회계,14.223705691254374,지역통합_3개회계_순계,백만원
경기,2018,7061650.0,943,879,64,0,1.002,6,0,0,6,0,,,99.158,2020=100,3698625,7121613.989794066,15.77864508207667,1925476.086327775,14.47068433205088,1.5905004729045946,-1.041110006181508,41.48866400608163,1465206.2845464563,0.2590347727564162,0.2303453376536079,0.2188940790163567,1.069,1.194,0.125,43263494.672,43263494672000,당초예산,32,행정안전부 지방재정365 기능별 회계별 세출예산,일반회계+기타특별회계+공기업특별회계,16.32242160171651,지역통합_3개회계_순계,백만원
경기,2019,8641670.0,1023,1023,0,0,0.943,6,3,2,1,0,0.0,,99.467,2020=100,3696522,8687976.916967437,15.977450779367109,2350311.161942885,14.670058712167885,1.8095823899350605,-0.6436342463972018,47.556987725820335,1566362.9271733705,0.2199449351534799,0.198805697290437,0.1993743801170033,1.002,1.069,0.0669999999999999,46970041.034,46970041034000,당초예산,32,행정안전부 지방재정365 기능별 회계별 세출예산,일반회계+기타특별회계+공기업특별회계,18.39825942188254,지역통합_3개회계_순계,백만원
경기,2020,10166623.0,1010,1003,7,0,0.878,6,3,3,0,0,0.03,,100.0,2020=100,3715307,10166623.0,16.134620756179412,2736415.3218024783,14.82215971055024,1.9827821537696455,-0.3404034107176165,52.18645965565365,1478646.083032563,0.1701945225182168,0.1571699768123053,0.1521009983823553,0.943,1.002,0.059,50838024.122,50838024122000,당초예산,32,행정안전부 지방재정365 기능별 회계별 세출예산,일반회계+기타특별회계+공기업특별회계,19.998068720378186,지역통합_3개회계_순계,백만원
경기,2021,10065813.95,1149,1149,0,0,0.853,8,8,0,0,0,0.0,,102.59,2020=100,3698716,9811691.149234816,16.099085308943202,2652728.987366107,14.791099851598853,1.943622441502092,-0.4023248121948325,51.24109607034328,-354931.85076518357,-0.0349114795311268,-0.0355354472362101,-0.0310598589513872,0.878,0.943,0.0649999999999999,51454732.035,51454732035000,당초예산,32,행정안전부 지방재정365 기능별 회계별 세출예산,일반회계+기타특별회계+공기업특별회계,19.562465009346734,지역통합_3개회계_순계,백만원
경기,2022,9215575.7,1310,1310,0,0,0.839,8,7,1,0,0,0.0,,108.06,2020=100,3619591,8528202.572644826,15.958889296191598,2356123.267143947,14.672528567330367,1.7891278186001234,-0.6387103060359133,47.632162282641616,-1283488.5765899904,-0.1308121665336037,-0.1401960127516037,-0.1185712842684854,0.853,0.878,0.025,56853640.643,56853640643000,당초예산,32,행정안전부 지방재정365 기능별 회계별 세출예산,일반회계+기타특별회계+공기업특별회계,16.209297409584007,지역통합_3개회계_순계,백만원
경기,2023,12285412.0,1303,1303,0,0,0.766,8,5,3,0,0,0.0,,111.62,2020=100,3560872,11006461.207668876,16.21399313169213,3090945.478430249,14.943987905671635,2.0702497285101455,-0.0975248904653633,55.89452347887042,2478258.6350240503,0.2905956576328692,0.2551038355005328,0.2714593383412698,0.839,0.853,0.014,58197529.785,58197529785000,당초예산,32,행정안전부 지방재정365 기능별 회계별 세출예산,일반회계+기타특별회계+공기업특별회계,21.10985130363124,지역통합_3개회계_순계,백만원
경기,2024,13821287.0,1315,1302,13,0,0.789,8,6,2,0,0,0.0,,114.24,2020=100,3534931,12098465.511204485,16.308589267924262,3422546.4404268377,15.045895697385951,2.174493737368372,0.1056400142521717,58.99627340944454,1092004.3035356067,0.0992148414401115,0.0945961362321305,0.101907791714316,0.766,0.839,0.0729999999999999,60548416.965,60548416965000,당초예산,32,행정안전부 지방재정365 기능별 회계별 세출예산,일반회계+기타특별회계+공기업특별회계,22.82683461070401,지역통합_3개회계_순계,백만원
경남,2016,1481184.0,319,318,1,0,1.358,6,3,3,0,0,0.03,,95.718,2020=100,863615,1547445.6215131949,14.252116789578093,1791823.4647536168,14.398744912782515,-0.0917186449572728,-1.1845295133185552,39.29905627376291,,,,,,,,14026791.169,14026791169000,당초예산,19,행정안전부 지방재정365 기능별 회계별 세출예산,일반회계+기타특별회계+공기업특별회계,10.559678134180112,지역통합_3개회계_순계,백만원
경남,2017,1707499.35,326,323,3,0,1.227,6,0,2,4,1,29.81,,97.492,2020=100,851333,1751425.0912895417,14.375940923349694,2057273.8179884271,14.536892761066808,0.0447343288309408,-0.9091158873193608,43.50383857368755,203979.4697763468,0.1318168903259309,0.1238241337716026,0.1381478482842908,1.358,,,14218184.687,14218184687000,당초예산,19,행정안전부 지방재정365 기능별 회계별 세출예산,일반회계+기타특별회계+공기업특별회계,12.009264105010567,지역통합_3개회계_순계,백만원
경남,2018,1999188.0,73,73,0,0,1.122,3,0,0,3,0,,,99.158,2020=100,835415,2016164.1017366224,14.516707800522816,2413368.3280006014,14.69653439049994,0.1998580386933709,-0.5908519362796092,48.36282339399543,264739.0104470807,0.151156342205968,0.1407668771731227,0.1596416294331319,1.227,1.358,0.131,15365527.269,15365527269000,당초예산,19,행정안전부 지방재정365 기능별 회계별 세출예산,일반회계+기타특별회계+공기업특별회계,13.01086493812268,지역통합_3개회계_순계,백만원
경남,2019,2831100.0,583,583,0,0,1.046,6,2,3,1,0,0.03,,99.467,2020=100,810243,2846270.6224174853,14.861520493140183,3512860.4905164074,15.071941502778218,0.5798382240936396,0.1575653232181942,59.78902510887967,830106.520680863,0.4117256725114047,0.3448126926173689,0.3754071122782783,1.122,1.227,0.1049999999999999,17016014.614,17016014614000,당초예산,19,행정안전부 지방재정365 기능별 회계별 세출예산,일반회계+기타특별회계+공기업특별회계,16.637855950539088,지역통합_3개회계_순계,백만원
경남,2020,1717208.36,657,651,6,0,0.945,6,3,3,0,0,0.0,,100.0,2020=100,777994,1717208.36,14.35621106605144,2207225.7112522717,14.607247403684164,0.0229922207397214,-0.7688558147248967,45.64521073162529,-1129062.2624174852,-0.3966812760265621,-0.5053094270887453,-0.4646940990940535,1.046,1.122,0.076,18952472.124,18952472124000,당초예산,19,행정안전부 지방재정365 기능별 회계별 세출예산,일반회계+기타특별회계+공기업특별회계,9.060603539025683,지역통합_3개회계_순계,백만원
경남,2021,3255588.1419999995,684,684,0,0,0.903,8,5,3,0,0,0.0,,102.59,2020=100,742547,3173397.155668193,14.97031354509717,4273665.041631294,15.267982574613995,0.6997270940162714,0.5483957495303796,65.75589349771636,1456188.795668193,0.8479977325920967,0.6141024790457301,0.6607351709298328,0.945,1.046,0.101,19977703.68,19977703680000,당초예산,19,행정안전부 지방재정365 기능별 회계별 세출예산,일반회계+기타특별회계+공기업특별회계,16.2961078717932,지역통합_3개회계_순계,백만원
경남,2022,3325544.7,707,707,0,0,0.838,8,3,5,0,0,4.92,,108.06,2020=100,703314,3077498.334258745,14.939627920715376,4375710.328898252,15.291579654020076,0.6659118386867467,0.5954392415784425,66.4741137454354,-95898.82140944804,-0.0302196090515041,-0.0306856243817943,0.0235970794060786,0.903,0.945,0.0419999999999999,21459177.621,21459177621000,당초예산,19,행정안전부 지방재정365 기능별 회계별 세출예산,일반회계+기타특별회계+공기업특별회계,15.497074299555704,지역통합_3개회계_순계,백만원
경남,2023,3893879.0,731,731,0,0,0.799,8,7,1,0,0,0.0,,111.62,2020=100,672846,3488513.707220928,15.064986618267955,5184713.451846229,15.461225326161308,0.8040558866218507,0.9336474024709516,71.63758989318072,411015.37296218285,0.1335550269472951,0.1253586975525813,0.1696456721412325,0.838,0.903,0.065,23135534.545,23135534545000,당초예산,19,행정안전부 지방재정365 기능별 회계별 세출예산,일반회계+기타특별회계+공기업특별회계,16.830728472800885,지역통합_3개회계_순계,백만원
경남,2024,4041141.0,714,714,0,0,0.82,8,8,0,0,0,0.0,,114.24,2020=100,651410,3537413.3403361347,15.07890660589448,5430394.590712662,15.507522542058076,0.81939557565402,1.0259462276944664,73.046730291357,48899.633115206845,0.0140173257780207,0.0139199876265223,0.046297215896768,0.799,0.838,0.0389999999999999,23125498.568,23125498568000,당초예산,19,행정안전부 지방재정365 기능별 회계별 세출예산,일반회계+기타특별회계+공기업특별회계,17.47482757233154,지역통합_3개회계_순계,백만원
경북,2016,1659180.0,417,416,1,0,1.396,5,2,3,0,0,0.11,,95.718,2020=100,647896,1733404.3753525985,14.365598456723262,2675436.143073268,14.799623342932296,0.0333370326456509,-0.3853322518077495,51.50052411021164,,,,,,,,15225641.095,15225641095000,당초예산,24,행정안전부 지방재정365 기능별 회계별 세출예산,일반회계+기타특별회계+공기업특별회계,10.897275127185702,지역통합_3개회계_순계,백만원
경북,2017,1817693.0,405,404,1,0,1.256,5,0,0,5,0,,,97.492,2020=100,634477,1864453.4936199891,14.43847907155604,2938567.503030038,14.893433117007472,0.1136507511634756,-0.1983116767276286,54.355796070579075,131049.11826739088,0.0756021619252771,0.072880614832778,0.0938097740751757,1.396,,,15604746.586,15604746586000,당초예산,24,행정안전부 지방재정365 기능별 회계별 세출예산,일반회계+기타특별회계+공기업특별회계,11.648333985960187,지역통합_3개회계_순계,백만원
경북,2018,2487285.0,558,558,0,1,1.167,6,0,0,6,0,,,99.158,2020=100,619667,2508405.7766393027,14.735158359225773,4047989.9311070344,15.213731249607758,0.4405883991875305,0.4402394928764115,64.10465524850191,643952.2830193136,0.3453839343394012,0.2966792876697308,0.3202981326002856,1.256,1.396,0.1399999999999999,16565209.477,16565209477000,당초예산,24,행정안전부 지방재정365 기능별 회계별 세출예산,일반회계+기타특별회계+공기업특별회계,15.01511347292937,지역통합_3개회계_순계,백만원
경북,2019,2232261.0,629,629,0,0,1.089,6,3,2,1,0,0.0,,99.467,2020=100,601357,2244222.7070284616,14.62387023184504,3731930.794899638,15.132436565032004,0.3179499807639263,0.2781691882604895,61.630302914916136,-264183.0696108411,-0.1053191122708969,-0.11128812738073,-0.081294684575754,1.167,1.256,0.0889999999999999,17575618.782,17575618782000,당초예산,24,행정안전부 지방재정365 기능별 회계별 세출예산,일반회계+기타특별회계+공기업특별회계,12.700895642355198,지역통합_3개회계_순계,백만원
경북,2020,2646517.0,618,618,0,0,1.003,6,4,2,0,0,0.03,,100.0,2020=100,575280,2646517.0,14.788755371692908,4600398.06702823,15.341653611398227,0.4996517781471981,0.6952674353644616,67.99820617456645,402294.2929715384,0.1792577410929994,0.1648851398478665,0.2092170463662235,1.089,1.167,0.078,19253998.1,19253998100000,당초예산,24,행정안전부 지방재정365 기능별 회계별 세출예산,일반회계+기타특별회계+공기업특별회계,13.74528545320673,지역통합_3개회계_순계,백만원
경북,2021,3199705.6,439,439,0,0,0.966,6,4,2,0,0,4.98,,102.59,2020=100,555496,3118925.4313285896,14.952999408049362,5614667.668765552,15.54089313617953,0.6806470858079525,1.092474345525326,74.0624253256445,472408.4313285896,0.1785019447555369,0.1642440363564539,0.1992395247813032,1.003,1.089,0.086,20110469.353,20110469353000,당초예산,24,행정안전부 지방재정365 기능별 회계별 세출예산,일반회계+기타특별회계+공기업특별회계,15.910646061190414,지역통합_3개회계_순계,백만원
경북,2022,3356569.7,742,739,3,0,0.93,8,7,1,0,0,0.04,,108.06,2020=100,529688,3106209.235609846,14.948913967331809,5864224.289789171,15.58438094094248,0.6761449704434805,1.179172286501296,75.38605616029587,-12716.195718743373,-0.0040771079651387,-0.004085440717553,0.0434878047629485,0.966,1.003,0.0369999999999999,21998328.107,21998328107000,당초예산,24,행정안전부 지방재정365 기능별 회계별 세출예산,일반회계+기타특별회계+공기업특별회계,15.258294556175473,지역통합_3개회계_순계,백만원
경북,2023,3406826.0,264,264,0,0,0.86,8,7,1,0,0,0.0,,111.62,2020=100,507409,3052164.4866511375,14.931361892279265,6015195.801909579,15.609799625377637,0.6568027569013977,1.2298473577047873,76.15972028701007,-54044.74895870872,-0.0173989402707116,-0.0175520750525457,0.0254186844351558,0.93,0.966,0.0359999999999999,24172297.929,24172297929000,당초예산,24,행정안전부 지방재정365 기능별 회계별 세출예산,일반회계+기타특별회계+공기업특별회계,14.093926899323714,지역통합_3개회계_순계,백만원
경북,2024,4062706.0,694,694,0,0,0.897,8,8,0,0,0,0.0,,114.24,2020=100,491584,3556290.2661064425,15.084228780615518,7234349.096200125,15.794351086259011,0.8252605596889236,1.597771922987851,81.77688136318075,504125.7794553051,0.1651699250352121,0.1528668883362556,0.1845514608813765,0.86,0.93,0.07,24554048.663,24554048663000,당초예산,23,행정안전부 지방재정365 기능별 회계별 세출예산,일반회계+기타특별회계+공기업특별회계,16.54597193220526,지역통합_3개회계_순계,백만원
광주,2016,1102184.9,278,278,0,0,1.168,5,1,2,2,1,100.1,,95.718,2020=100,414797,1151491.7779310057,13.956569726343924,2776036.899811246,14.836535253185392,-0.4174085928236706,-0.3117441129288757,52.62400557457169,,,,,,,,4106117.093,4106117093000,당초예산,6,행정안전부 지방재정365 기능별 회계별 세출예산,일반회계+기타특별회계+공기업특별회계,26.842510211873293,지역통합_3개회계_순계,백만원
광주,2017,1244520.8,284,280,4,0,1.053,5,0,0,5,0,,,97.492,2020=100,409132,1276536.3311861486,14.059661760191904,3120108.7453099457,14.953378733945875,-0.3038021886118769,-0.0788031941214483,56.18035050404341,125044.55325514312,0.1085935268073059,0.1030920338479788,0.1168434807604832,1.168,,,4236416.938,4236416938000,당초예산,6,행정안전부 지방재정365 기능별 회계별 세출예산,일반회계+기타특별회계+공기업특별회계,29.376730813174746,지역통합_3개회계_순계,백만원
광주,2018,3239297.3600000003,287,286,1,0,0.972,6,1,1,4,0,0.0,,99.158,2020=100,406163,3266803.8484035586,14.99932295460975,8043085.77690129,15.90032349494914,0.7316951770971766,1.809040109178889,85.00234534162553,1990267.51721741,1.5591154506100642,0.9396611944178463,0.9469447610032642,1.053,1.168,0.1149999999999999,4731652.999,4731652999000,당초예산,6,행정안전부 지방재정365 기능별 회계별 세출예산,일반회계+기타특별회계+공기업특별회계,68.46016309067046,지역통합_3개회계_순계,백만원
광주,2019,1088029.0,293,293,0,0,0.913,5,3,2,0,0,0.0,,99.467,2020=100,400391,1093859.2699086128,13.905223529774307,2731977.666602428,14.820536690931652,-0.4739915948704442,-0.3436390870149648,52.13706008664535,-2172944.5784949455,-0.665159182898855,-1.0940994248354432,-1.0797868040174876,0.972,1.053,0.0809999999999999,5328381.528,5328381528000,당초예산,6,행정안전부 지방재정365 기능별 회계별 세출예산,일반회계+기타특별회계+공기업특별회계,20.419502512771267,지역통합_3개회계_순계,백만원
광주,2020,194720.0,179,178,1,0,0.811,5,5,0,0,0,0.0,,100.0,2020=100,395242,194720.0,12.17932304378746,492660.1929956837,13.107576981467526,-2.3759169029838305,-3.758621300876112,0.0,-899139.2699086128,-0.8219880698032864,-1.7259004859868463,-1.7129597094641262,0.913,0.972,0.0589999999999999,5992342.346,5992342346000,당초예산,6,행정안전부 지방재정365 기능별 회계별 세출예산,일반회계+기타특별회계+공기업특별회계,3.249480566309421,지역통합_3개회계_순계,백만원
광주,2021,824741.7,195,195,0,0,0.896,8,8,0,0,0,0.0,,102.59,2020=100,387661,803920.1676576664,13.597256493176838,2073771.0722968427,14.544879764093483,-0.8133682308498333,-0.8931928780813412,43.74693761122667,609200.1676576664,3.1285957665245805,1.417933449389377,1.4373027826259577,0.811,0.913,0.1019999999999999,6576718.245,6576718245000,당초예산,6,행정안전부 지방재정365 기능별 회계별 세출예산,일반회계+기타특별회계+공기업특별회계,12.5403228369562,지역통합_3개회계_순계,백만원
광주,2022,870927.5,204,196,8,0,0.844,7,6,1,0,0,0.0,,108.06,2020=100,376036,805966.592633722,13.599798813029947,2143322.960125419,14.577868434344255,-0.8105666194538073,-0.8274261694174435,44.75100809434455,2046.4249760556268,0.0025455574550619,0.0025423198531093,0.0329886702507735,0.896,0.811,-0.0849999999999999,7351309.295,7351309295000,당초예산,6,행정안전부 지방재정365 기능별 회계별 세출예산,일반회계+기타특별회계+공기업특별회계,11.847243328373656,지역통합_3개회계_순계,백만원
광주,2023,1223803.0,198,198,0,0,0.706,7,6,1,0,0,0.29,,111.62,2020=100,364980,1096401.1825837663,13.907544634090806,3004003.459323158,14.915456776326833,-0.4714337608132876,-0.1544049786049525,55.02612640171128,290434.5899500443,0.360355618464244,0.307745821060859,0.337588341982574,0.844,0.896,0.052,7552199.99,7552199990000,당초예산,6,행정안전부 지방재정365 기능별 회계별 세출예산,일반회계+기타특별회계+공기업특별회계,16.204589412627566,지역통합_3개회계_순계,백만원
광주,2024,1240977.0,200,200,0,0,0.699,8,7,1,0,0,0.0,,114.24,2020=100,355795,1086289.3907563025,13.898279138535624,3053132.817370403,14.931679102191232,-0.4816442455032761,-0.1220639060226204,55.51988254417305,-10111.791827463778,-0.0092227115294005,-0.0092654955551818,0.0162223258644012,0.706,0.844,0.138,7337396.771,7337396771000,당초예산,6,행정안전부 지방재정365 기능별 회계별 세출예산,일반회계+기타특별회계+공기업특별회계,16.913042032901675,지역통합_3개회계_순계,백만원
대구,2016,774602.0,160,158,2,0,1.186,6,2,4,0,0,0.12,,95.718,2020=100,663695,809254.2677448337,13.603869681183223,1219316.5049380118,14.01380183799251,-0.8060805629113962,-1.951957810956764,27.58261010787898,,,,,,,,7213154.474,7213154474000,당초예산,9,행정안전부 지방재정365 기능별 회계별 세출예산,일반회계+기타특별회계+공기업특별회계,10.738741320348437,지역통합_3개회계_순계,백만원
대구,2017,959658.5,163,163,0,0,1.067,6,0,0,6,0,,,97.492,2020=100,656227,984345.8950477988,13.799733649525992,1500008.2213133546,14.22098181359578,-0.5902404021586592,-1.5389206987326318,33.88851139504734,175091.62730296503,0.2163616977775064,0.1958639683427669,0.2071799756032692,1.186,,,7510292.544,7510292544000,당초예산,9,행정안전부 지방재정365 기능별 회계별 세출예산,일반회계+기타특별회계+공기업특별회계,12.777911038454484,지역통합_3개회계_순계,백만원
대구,2018,1446836.0,232,230,2,0,0.987,6,0,0,6,0,,,99.158,2020=100,648823,1459121.8056031787,14.193345995040994,2248874.9714531987,14.62594108111179,-0.1564834807143721,-0.7315878185342737,46.21418697660037,474775.91055537993,0.4823262970302988,0.3936123455150024,0.4049592675160109,1.067,1.186,0.119,8258854.381,8258854381000,당초예산,9,행정안전부 지방재정365 기능별 회계별 세출예산,일반회계+기타특별회계+공기업특별회계,17.518604073326863,지역통합_3개회계_순계,백만원
대구,2019,1765898.0,235,235,0,0,0.932,5,4,1,0,0,0.0,,99.467,2020=100,629627,1775360.6723838055,14.389514719225057,2819702.2560719373,14.85214220903412,0.0596925179688021,-0.2806298512556713,53.09903180569613,316238.86678062705,0.2167323286967799,0.1961687241840621,0.2262011279223301,0.987,1.067,0.0799999999999999,8991961.705,8991961705000,당초예산,9,행정안전부 지방재정365 기능별 회계별 세출예산,일반회계+기타특별회계+공기업특별회계,19.63862901037566,지역통합_3개회계_순계,백만원
대구,2020,1929459.0,238,238,0,0,0.807,6,5,1,0,0,0.0,,100.0,2020=100,615844,1929459.0,14.47275072898566,3133032.0665623113,14.957512124159614,0.1514177795325053,-0.0705628052875047,56.306157791129365,154098.32761619426,0.0867983221737609,0.0832360097606041,0.1053699151254932,0.932,0.987,0.0549999999999999,9916317.896,9916317896000,당초예산,9,행정안전부 지방재정365 기능별 회계별 세출예산,일반회계+기타특별회계+공기업특별회계,19.457413731948797,지역통합_3개회계_순계,백만원
대구,2021,2164115.0,267,267,0,0,0.785,8,8,0,0,0,0.0,,102.59,2020=100,593786,2109479.4814309385,14.561952257804476,3552592.1484018457,15.08318835913092,0.249716984243549,0.1799872250259987,60.13134374148204,180020.48143093847,0.0933010141345001,0.0892015288188154,0.1256762349713067,0.807,0.932,0.125,10125520.177,10125520177000,당초예산,9,행정안전부 지방재정365 기능별 회계별 세출예산,일반회계+기타특별회계+공기업특별회계,21.372877266254054,지역통합_3개회계_순계,백만원
대구,2022,2523629.0,278,278,0,0,0.757,8,8,0,0,0,0.0,,108.06,2020=100,573820,2335396.076253933,14.663692488697787,4069910.5577601567,15.219131826902611,0.3618337149359595,0.4510061649146446,64.26903169084825,225916.59482299443,0.1070958958414456,0.101740230893311,0.1359434677716908,0.785,0.807,0.022,10923797.052,10923797052000,당초예산,9,행정안전부 지방재정365 기능별 회계별 세출예산,일반회계+기타특별회계+공기업특별회계,23.10212271417069,지역통합_3개회계_순계,백만원
대구,2023,2696432.0,266,266,0,0,0.702,8,8,0,0,0,0.0,,111.62,2020=100,562435,2415724.7805052856,14.697510330148578,4295118.156774179,15.272989856152837,0.399100642573591,0.5583783412401875,65.90829926477487,80328.7042513527,0.0343961801889309,0.0338178414507908,0.0538580292502253,0.757,0.785,0.028,11628223.16,11628223160000,당초예산,9,행정안전부 지방재정365 기능별 회계별 세출예산,일반회계+기타특별회계+공기업특별회계,23.18868465885204,지역통합_3개회계_순계,백만원
대구,2024,2848338.0,253,253,0,0,0.754,8,8,0,0,0,0.0,,114.24,2020=100,550732,2493293.067226891,14.729115312720127,4527234.784299606,15.325622109068751,0.4339290215579941,0.6633067914484678,67.51025809521994,77568.28672160534,0.0321097367330813,0.0316049825715509,0.0526322529159166,0.702,0.757,0.055,11677339.559,11677339559000,당초예산,10,행정안전부 지방재정365 기능별 회계별 세출예산,일반회계+기타특별회계+공기업특별회계,24.392011430417977,지역통합_3개회계_순계,백만원
대전,2016,709547.0,230,230,0,0,1.192,6,0,6,0,2,24192.52,,95.718,2020=100,435675,741288.9947554274,13.516147183663708,1701472.415804045,14.347005148824575,-0.9027498897224886,-1.287678684130643,37.724261976243874,,,,,,,,4016882.713,4016882713000,당초예산,6,행정안전부 지방재정365 기능별 회계별 세출예산,일반회계+기타특별회계+공기업특별회계,17.664120431091114,지역통합_3개회계_순계,백만원
대전,2017,935218.2,236,232,4,0,1.075,6,0,0,6,0,,,97.492,2020=100,429257,959276.863742666,13.773936055112577,2234737.846424557,14.6196349319653,-0.6186690966875142,-0.7441598522220676,46.02224779954364,217987.86898723865,0.2940659722854231,0.2577888714488683,0.272629783140724,1.192,,,4032992.448,4032992448000,당초예산,6,행정안전부 지방재정365 기능별 회계별 세출예산,일반회계+기타특별회계+공기업특별회계,23.189187980349026,지역통합_3개회계_순계,백만원
대전,2018,997696.4,260,257,3,0,0.952,6,0,0,6,0,,,99.158,2020=100,422995,1006168.3374009156,13.821660942912644,2378676.6685207053,14.682055289782085,-0.5660767411775584,-0.6197176890179814,47.92212549552376,46891.47365824971,0.0488821063350786,0.0477248878000704,0.0624203578167819,1.075,1.192,0.1169999999999999,4596154.462,4596154462000,당초예산,6,행정안전부 지방재정365 기능별 회계별 세출예산,일반회계+기타특별회계+공기업특별회계,21.70719909978517,지역통합_3개회계_순계,백만원
대전,2019,685088.0,192,192,0,0,0.883,6,2,4,0,0,0.23,,99.467,2020=100,413109,688759.0859279962,13.442648283157643,1667257.5178173224,14.32669122938378,-0.9837449529523712,-1.328176819142722,37.10597070375887,-317409.2514729195,-0.3154633669877104,-0.3790126597550021,-0.355364060398303,0.952,1.075,0.123,5043640.457,5043640457000,당초예산,6,행정안전부 지방재정365 기능별 회계별 세출예산,일반회계+기타특별회계+공기업특별회계,13.583204549189777,지역통합_3개회계_순계,백만원
대전,2020,1247751.0,299,299,0,0,0.805,6,2,4,0,0,0.04,,100.0,2020=100,406576,1247751.0,14.036854090215764,3068924.3831411595,14.936838020220987,-0.3289360159089453,-0.1117790095261974,55.67690364502752,558991.9140720038,0.8115927985455884,0.5942058070581204,0.6101467908372076,0.883,0.952,0.0689999999999999,5698709.818,5698709818000,당초예산,6,행정안전부 지방재정365 기능별 회계별 세출예산,일반회계+기타특별회계+공기업특별회계,21.89532437778884,지역통합_3개회계_순계,백만원
대전,2021,1337995.0,294,294,0,0,0.81,8,4,4,0,0,0.02,,102.59,2020=100,399066,1304215.8105078468,14.081113273374998,3268170.7048654775,14.999741274850292,-0.2801628327211319,0.0136258640188175,57.59147918824306,56464.81050784676,0.0452532680862181,0.0442591831592338,0.0629032546293046,0.805,0.883,0.0779999999999999,6015945.285,6015945285000,당초예산,6,행정안전부 지방재정365 기능별 회계별 세출예산,일반회계+기타특별회계+공기업특별회계,22.240810655910078,지역통합_3개회계_순계,백만원
대전,2022,1500606.3,322,322,0,0,0.842,8,7,1,0,0,0.0,,108.06,2020=100,391878,1388678.7895613548,14.143864062086468,3543650.8034678004,15.080668336294467,-0.2110120826498259,0.1749632696361174,60.054642239795825,84462.97905350802,0.0647615052455308,0.0627507887114706,0.080927061444175,0.81,0.805,-0.005,6814220.276,6814220276000,당초예산,6,행정안전부 지방재정365 기능별 회계별 세출예산,일반회계+기타특별회계+공기업특별회계,22.021687577156925,지역통합_3개회계_순계,백만원
대전,2023,1222344.0,235,235,0,0,0.787,8,7,1,0,0,0.0,,111.62,2020=100,387193,1095094.0691632323,13.906351738617635,2828289.9462625417,14.855183181280498,-0.4727483198558136,-0.2745673232949436,53.191589354980714,-293584.72039812244,-0.2114129794485143,-0.237512323468831,-0.2254851550139687,0.842,0.81,-0.0319999999999999,7046459.578,7046459578000,당초예산,6,행정안전부 지방재정365 기능별 회계별 세출예산,일반회계+기타특별회계+공기업특별회계,17.346924174749024,지역통합_3개회계_순계,백만원
대전,2024,1676350.0,162,162,0,0,0.792,8,8,0,0,0,0.0,,114.24,2020=100,384407,1467393.2072829132,14.19899873764821,3817290.5469539138,15.155051709987816,-0.1502542141302283,0.3232550810350174,62.31863619264289,372299.1381196808,0.3399700067813871,0.2926469990305733,0.2998685287073162,0.787,0.842,0.0549999999999999,7070570.075,7070570075000,당초예산,6,행정안전부 지방재정365 기능별 회계별 세출예산,일반회계+기타특별회계+공기업특별회계,23.708837932703748,지역통합_3개회계_순계,백만원
부산,2016,1757736.53,552,551,1,0,1.095,6,2,4,0,0,1.59,,95.718,2020=100,938715,1836369.8886311871,14.42330183881987,1956259.2359035355,14.486545165667664,0.0969255904242442,-1.0094896099754185,41.971417471171115,,,,,,,,10573185.713,10573185713000,당초예산,17,행정안전부 지방재정365 기능별 회계별 세출예산,일반회계+기타특별회계+공기업특별회계,16.62447419077127,지역통합_3개회계_순계,백만원
부산,2017,3477747.6,513,507,6,0,0.976,6,0,0,6,0,,,97.492,2020=100,919415,3567213.3098100354,15.08729554378378,3879872.8646041616,15.171313201948385,0.8286401024441779,0.3556742357351392,62.81358442683807,1730843.421178848,0.9425352876315144,0.6639937049639091,0.6847680362807207,1.095,,,10791668.762,10791668762000,당초예산,17,행정안전부 지방재정365 기능별 회계별 세출예산,일반회계+기타특별회계+공기업특별회계,32.22622632975881,지역통합_3개회계_순계,백만원
부산,2018,2341626.0,570,569,1,0,0.899,6,0,0,6,0,,,99.158,2020=100,899448,2361509.9134714296,14.67481218972259,2625510.2167901085,14.780786184300062,0.3740875157601915,-0.4228862942836723,50.92718075248743,-1205703.3963386058,-0.3379958784698561,-0.4124833540611892,-0.3905270176483224,0.976,1.095,0.119,11717637.267,11717637267000,당초예산,17,행정안전부 지방재정365 기능별 회계별 세출예산,일반회계+기타특별회계+공기업특별회계,19.983772723487906,지역통합_3개회계_순계,백만원
부산,2019,2525413.0,556,556,0,0,0.827,6,4,2,0,0,0.08,,99.467,2020=100,871859,2538945.579941086,14.747259820662832,2912105.7188617494,14.88438733558796,0.4539240903001865,-0.2163454824776629,54.080471177183114,177435.6664696564,0.0751365325453261,0.0724476309402408,0.1036011512878971,0.899,0.976,0.0769999999999999,12543135.277,12543135277000,당초예산,17,행정안전부 지방재정365 기능별 회계별 세출예산,일반회계+기타특별회계+공기업특별회계,20.13382574794342,지역통합_3개회계_순계,백만원
부산,2020,3494318.0,545,545,0,0,0.747,6,4,2,0,0,0.0,,100.0,2020=100,850001,3494318.0,15.066649064878954,4110957.5165205686,15.2291667749803,0.8058878863857502,0.4710119881765629,64.57446367970483,955372.420058914,0.3762870805923626,0.3193892442161221,0.3447794393923402,0.827,0.899,0.072,13774503.587,13774503587000,당초예산,17,행정안전부 지방재정365 기능별 회계별 세출예산,일반회계+기타특별회계+공기업특별회계,25.368014011756053,지역통합_3개회계_순계,백만원
부산,2021,3944822.1,685,685,0,0,0.728,8,7,1,0,0,0.0,,102.59,2020=100,820849,3845230.6267667417,15.162344400139126,4684455.5171130635,15.35976046204042,0.9113432017283664,0.7313655248586226,68.54932127359423,350912.6267667413,0.1004237813406625,0.0956953352601726,0.1305936870601201,0.747,0.827,0.0799999999999999,14415991.457,14415991457000,당초예산,17,행정안전부 지방재정365 기능별 회계별 세출예산,일반회계+기타특별회계+공기업특별회계,27.364209473671025,지역통합_3개회계_순계,백만원
부산,2022,5106355.100000001,748,748,0,0,0.723,8,4,4,0,0,0.0,,108.06,2020=100,791825,4725481.306681474,15.368480189188777,5967835.451875697,15.601895016313907,1.13850280756003,1.2140886103092638,75.91912906035134,880250.6799147325,0.2289201260874411,0.2061357890496484,0.2421345542734876,0.728,0.747,0.019,15653932.673,15653932673000,당초예산,17,행정안전부 지방재정365 기능별 회계별 세출예산,일반회계+기타특별회계+공기업특별회계,32.620269977316774,지역통합_3개회계_순계,백만원
부산,2023,4317819.0,722,722,0,0,0.664,8,4,4,0,0,0.0,,111.62,2020=100,768246,3868320.1935137073,15.168331170761814,5035262.394485239,15.43197639547463,0.9179405638900952,0.8753362947913009,70.7473452200246,-857161.1131677665,-0.1813912821866008,-0.2001490184269609,-0.1699186208392777,0.723,0.728,0.005,16813047.287,16813047287000,당초예산,17,행정안전부 지방재정365 기능별 회계별 세출예산,일반회계+기타특별회계+공기업특별회계,25.681358806018327,지역통합_3개회계_순계,백만원
부산,2024,4796613.0,683,683,0,0,0.683,8,6,2,0,0,0.0,,114.24,2020=100,747346,4198715.861344538,15.250289527372471,5618168.6412244635,15.541516482207603,1.0082578642876687,1.0937170575326167,74.08139800149961,330395.66783083044,0.085410630791326,0.0819583566106576,0.1095400867329754,0.664,0.723,0.0589999999999999,17229915.871,17229915871000,당초예산,17,행정안전부 지방재정365 기능별 회계별 세출예산,일반회계+기타특별회계+공기업특별회계,27.838864890067576,지역통합_3개회계_순계,백만원
서울,2016,4173074.0,103,102,1,0,0.94,5,4,1,0,0,0.0,,95.718,2020=100,3063675,4359758.87502873,15.287927539273864,1423048.7486527555,14.168312836863388,1.0497345820727042,-1.6439223620932086,32.285434808115895,,,,,,,,27534501.217,27534501217000,당초예산,26,행정안전부 지방재정365 기능별 회계별 세출예산,일반회계+기타특별회계+공기업특별회계,15.15580023444737,지역통합_3개회계_순계,백만원
서울,2017,4761473.0,128,124,4,0,0.836,5,0,0,5,0,,,97.492,2020=100,3026304,4883962.7866901895,15.401467699502644,1613837.4686383752,14.294126041414692,1.174854718476682,-1.393099267167065,36.11478967801931,524203.91166145913,0.1202369045370668,0.11354016022878,0.1258132045513047,0.94,,,29961328.578,29961328578000,당초예산,26,행정안전부 지방재정365 기능별 회계별 세출예산,일반회계+기타특별회계+공기업특별회계,15.892062288239961,지역통합_3개회계_순계,백만원
서울,2018,5912413.0,184,184,0,0,0.761,5,0,0,5,0,,,99.158,2020=100,2998560,5962618.245628189,15.601020413245534,1988493.89227769,14.5028885749958,1.3947598402678116,-0.9769071435805146,42.46885901019498,1078655.4589379998,0.220856608874572,0.1995527137428894,0.2087625335811083,0.836,0.94,0.1039999999999999,31985643.433,31985643433000,당초예산,26,행정안전부 지방재정365 기능별 회계별 세출예산,일반회계+기타특별회계+공기업특별회계,18.484583598840747,지역통합_3개회계_순계,백만원
서울,2019,5907309.0,162,162,0,0,0.717,6,5,0,1,0,0.0,,99.467,2020=100,2966582,5938963.676395186,15.59704537924419,2001955.0028939657,14.509635262039374,1.390379392015347,-0.9634568469220488,42.6742067634627,-23654.569233003072,-0.0039671446768114,-0.0039750340013444,0.0067466870435737,0.761,0.836,0.0749999999999999,36427604.106,36427604106000,당초예산,26,행정안전부 지방재정365 기능별 회계별 세출예산,일반회계+기타특별회계+공기업특별회계,16.21657296705661,지역통합_3개회계_순계,백만원
서울,2020,6677517.0,177,176,1,0,0.642,6,5,1,0,0,0.0,,100.0,2020=100,2935517,6677517.0,15.71425691958224,2274732.866476331,14.63737362175564,1.5195453530785206,-0.7087957337337454,46.56215725003892,738553.3236048138,0.1243572723874779,0.1172115403380491,0.1277383597162664,0.717,0.761,0.044,40235802.629,40235802629000,당초예산,26,행정안전부 지방재정365 기능별 회계별 세출예산,일반회계+기타특별회계+공기업특별회계,16.595958235432768,지역통합_3개회계_순계,백만원
서울,2021,7529092.0,228,228,0,0,0.626,8,7,1,0,0,0.0,,102.59,2020=100,2861556,7339011.599571108,15.808714868322443,2564692.6356049324,14.757349589143477,1.6236370806839795,-0.4696098425206836,50.21384513627055,661494.5995711079,0.0990629600150936,0.0944579487402048,0.1199759673878357,0.642,0.717,0.0749999999999999,40740257.041,40740257041000,당초예산,26,행정안전부 지방재정365 기능별 회계별 세출예산,일반회계+기타특별회계+공기업특별회계,18.48071796018102,지역통합_3개회계_순계,백만원
서울,2022,7957659.899999999,227,227,0,0,0.593,8,8,0,0,0,0.0,,108.06,2020=100,2815291,7364112.437534703,15.812129225553058,2615755.3295679567,14.777063841031232,1.627399668666642,-0.4303072137523018,50.81388443057287,25100.837963595055,0.003420193253961,0.0034143572306142,0.0197142518877555,0.626,0.642,0.016,44918585.22,44918585220000,당초예산,26,행정안전부 지방재정365 기능별 회계별 세출예산,일반회계+기타특별회계+공기업특별회계,17.71574029107411,지역통합_3개회계_순계,백만원
서울,2023,8314712.0,230,230,0,0,0.552,8,6,2,0,0,0.01,,111.62,2020=100,2783216,7449123.812936749,15.82360710868145,2676444.7362104664,14.80000025444994,1.640048182635265,-0.3845808353431134,51.51199610125388,85011.37540204637,0.0115440083408755,0.0114778831283928,0.0229364134187068,0.593,0.626,0.033,47811752.081,47811752081000,당초예산,26,행정안전부 지방재정365 기능별 회계별 세출예산,일반회계+기타특별회계+공기업특별회계,17.390519355813776,지역통합_3개회계_순계,백만원
서울,2024,4872683.0,237,237,0,0,0.581,8,8,0,0,0,0.0,,114.24,2020=100,2750925,4265303.7464986,15.266024189227169,1550498.013031471,14.254087380973887,1.025597306416016,-1.4729209421993108,34.896139855926236,-3183820.0664381497,-0.4274086652860932,-0.5575829194542816,-0.5459128734760519,0.552,0.593,0.0409999999999999,47888961.761,47888961761000,당초예산,26,행정안전부 지방재정365 기능별 회계별 세출예산,일반회계+기타특별회계+공기업특별회계,10.174960618937941,지역통합_3개회계_순계,백만원
세종,2016,97707.0,114,114,0,0,1.821,5,5,0,0,0,0.0,,95.718,2020=100,72474,102077.97906349902,11.533502097191407,1408477.234090833,14.158020412924516,-3.087605214571767,-1.664441493100534,31.97216607075252,,,,,,,,1048827.518,1048827518000,당초예산,1,행정안전부 지방재정365 기능별 회계별 세출예산,일반회계+기타특별회계+공기업특별회계,9.315831089778865,지역통합_3개회계_순계,백만원
세종,2017,89445.0,102,102,0,0,1.668,5,0,0,5,0,,,97.492,2020=100,82673,91745.98941451608,11.426789952457655,1109745.4962867692,13.919642165481807,-3.205200945264277,-2.139675948815145,24.71668834900404,-10331.989648982955,-0.1012166359852775,-0.106712144733752,-0.2383782474427089,1.821,,,1195710.363,1195710363000,당초예산,1,행정안전부 지방재정365 기능별 회계별 세출예산,일반회계+기타특별회계+공기업특별회계,7.480490490655721,지역통합_3개회계_순계,백만원
세종,2018,104743.0,93,90,3,0,1.566,5,0,0,5,0,,,99.158,2020=100,92412,105632.42501865709,11.56773012496878,1143059.6136720025,13.9492199717051,-3.04988626564907,-2.080709189924375,25.61694295030891,13886.43560414102,0.1513574129262582,0.1409401725111259,0.0295778062232923,1.668,1.821,0.153,1423054.846,1423054846000,당초예산,1,행정안전부 지방재정365 기능별 회계별 세출예산,일반회계+기타특별회계+공기업특별회계,7.360433105893096,지역통합_3개회계_순계,백만원
세종,2019,129545.0,100,100,0,0,1.472,6,5,1,0,0,0.0,,99.467,2020=100,97804,130239.17480169302,11.777135523386058,1331634.4403265002,14.10191839917301,-2.819123582551698,-1.776287310643505,30.264598726474993,24606.749783035935,0.2329469363094696,0.2094053984172763,0.1526984274679108,1.566,1.668,0.1019999999999998,1468577.881,1468577881000,당초예산,1,행정안전부 지방재정365 기능별 회계별 세출예산,일반회계+기타특별회계+공기업특별회계,8.82111883040134,지역통합_3개회계_순계,백만원
세종,2020,209363.0,107,107,0,0,1.277,6,4,2,0,0,0.09,,100.0,2020=100,98945,209363.0,12.251829642867902,2115953.3073929963,14.565016477867534,-2.2960153461351047,-0.8530480229489881,44.35983530530827,79123.82519830698,0.6075270771546568,0.4746941194818443,0.4630980786945233,1.472,1.566,0.094,1520953.72,1520953720000,당초예산,1,행정안전부 지방재정365 기능별 회계별 세출예산,일반회계+기타특별회계+공기업특별회계,13.765244612439623,지역통합_3개회계_순계,백만원
세종,2021,175466.0,93,93,0,0,1.277,8,7,1,0,0,0.0,,102.59,2020=100,100229,171036.16336874937,12.04963614151394,1706453.854361007,14.349928591872604,-2.518830589820068,-1.2818504641456163,37.813242309530565,-38326.836631250626,-0.1830640401181231,-0.2021935013539604,-0.2150878859949312,1.277,1.472,0.195,1665746.65,1665746650000,당초예산,1,행정안전부 지방재정365 기능별 회계별 세출예산,일반회계+기타특별회계+공기업특별회계,10.533774748999196,지역통합_3개회계_순계,백만원
세종,2022,231310.4,108,108,0,0,1.121,8,8,0,0,0,0.0,,108.06,2020=100,99462,214057.3755321118,12.274004039665844,2152152.3348827874,14.581979449994442,-2.271579379632645,-0.819230386849575,44.87613437068756,43021.21216336242,0.251532841453008,0.2243678981519021,0.2320508581218394,1.277,1.277,0.0,1771604.264,1771604264000,당초예산,1,행정안전부 지방재정365 기능별 회계별 세출예산,일반회계+기타특별회계+공기업특별회계,13.056550195794742,지역통합_3개회계_순계,백만원
세종,2023,318453.0,112,112,0,0,0.971,8,8,0,0,0,0.0,,111.62,2020=100,97150,285301.0213223437,12.561303622077803,2936706.344028242,14.892799560690287,-1.9549780742640583,-0.1995747441206979,54.33651262591026,71243.64579023188,0.3328249989664302,0.2872995824119595,0.310820110695845,1.121,1.277,0.1559999999999999,1893247.236,1893247236000,당초예산,1,행정안전부 지방재정365 기능별 회계별 세출예산,일반회계+기타특별회계+공기업특별회계,16.820465597130287,지역통합_3개회계_순계,백만원
세종,2024,329034.0,120,120,0,0,1.028,8,8,0,0,0,0.0,,114.24,2020=100,95902,288019.9579831933,12.570788527245396,3003273.737598729,14.915213830492586,-1.9445258023458512,-0.1548893190703433,55.01873190113556,2718.9366608496057,0.0095300628376568,0.0094849051675929,0.0224142698022991,0.971,1.121,0.15,1792182.76,1792182760000,당초예산,1,행정안전부 지방재정365 기능별 회계별 세출예산,일반회계+기타특별회계+공기업특별회계,18.35939990852272,지역통합_3개회계_순계,백만원
울산,2016,577145.0,155,155,0,0,1.418,6,4,2,0,1,262.31,,95.718,2020=100,335848,602963.9148331557,13.309614289660257,1795347.641889056,14.40070979050907,-1.130347101295473,-1.1806123035607776,39.35886091921151,,,,,,,,3723980.614,3723980614000,당초예산,6,행정안전부 지방재정365 기능별 회계별 세출예산,일반회계+기타특별회계+공기업특별회계,15.498066714694234,지역통합_3개회계_순계,백만원
울산,2017,2222729.4,154,154,0,0,1.261,6,0,0,6,0,,,97.492,2020=100,328031,2279909.531038444,14.639646759388071,6950286.805327679,15.754293627522085,0.3353355584677766,1.517912771390015,80.55765938058151,1676945.6162052883,2.7811707715034837,1.3300324697278167,1.353583837013014,1.418,,,4199822.615,4199822615000,당초예산,6,행정안전부 지방재정365 기능별 회계별 세출예산,일반회계+기타특별회계+공기업특별회계,52.92436380673187,지역통합_3개회계_순계,백만원
울산,2018,948045.0,189,189,0,0,1.131,6,0,0,6,0,,,99.158,2020=100,319567,956095.3226164303,13.770613942832933,2991846.225099683,14.911401555643057,-0.6223300316442786,-0.1624895274894701,54.902698347165455,-1323814.2084220136,-0.580643306411833,-0.8690328165551389,-0.842892071879028,1.261,1.418,0.157,4361542.03,4361542030000,당초예산,6,행정안전부 지방재정365 기능별 회계별 세출예산,일반회계+기타특별회계+공기업특별회계,21.7364636974506,지역통합_3개회계_순계,백만원
울산,2019,356752.0,160,160,0,0,1.084,6,4,1,1,0,0.01,,99.467,2020=100,308880,358663.6774005449,12.790143184739367,1161174.8167590809,13.964943684838484,-1.702799133903678,-2.0493621591742146,26.095522902826783,-597431.6452158855,-0.624866193865447,-0.9804707580935652,-0.946457870804574,1.131,1.261,0.1299999999999999,4457310.384,4457310384000,당초예산,6,행정안전부 지방재정365 기능별 회계별 세출예산,일반회계+기타특별회계+공기업특별회계,8.003750451855453,지역통합_3개회계_순계,백만원
울산,2020,1240133.6,194,194,0,0,0.984,6,4,2,0,2,25.6,,100.0,2020=100,296274,1240133.6,14.030730480077366,4185765.878882386,15.247200489773752,-0.3356841738669506,0.5069642729438146,65.12335275548219,881469.9225994551,2.45765037872808,1.240587295337999,1.282256804935269,1.084,1.131,0.0469999999999999,4720368.466,4720368466000,당초예산,6,행정안전부 지방재정365 기능별 회계별 세출예산,일반회계+기타특별회계+공기업특별회계,26.271966032577087,지역통합_3개회계_순계,백만원
울산,2021,977844.0,249,249,0,0,0.94,8,8,0,0,0,0.0,,102.59,2020=100,282313,953157.2277999804,13.767536200124328,3376242.77946811,15.032274341649089,-0.6257216737446691,0.078484274795451,58.5816825474466,-286976.37220001966,-0.2314076259203199,-0.2631942799530389,-0.2149261481246629,0.984,1.084,0.1,4865303.731,4865303731000,당초예산,6,행정안전부 지방재정365 기능별 회계별 세출예산,일반회계+기타특별회계+공기업특별회계,20.098313570220146,지역통합_3개회계_순계,백만원
울산,2022,938106.0,254,254,0,0,0.848,8,8,0,0,0,0.0,,108.06,2020=100,268844,868134.3697945586,13.674102937467133,3229137.975162394,14.98772608850528,-0.7286842073960339,-0.0103277920057483,57.22577502780013,-85022.85800542182,-0.0892012938953066,-0.0934332626571965,-0.0445482531438088,0.94,0.984,0.044,5286892.471,5286892471000,당초예산,6,행정안전부 지방재정365 기능별 회계별 세출예산,일반회계+기타특별회계+공기업특별회계,17.7439962160335,지역통합_3개회계_순계,백만원
울산,2023,3219772.0,274,274,0,0,0.814,8,8,0,0,0,0.0,,111.62,2020=100,259431,2884583.407991399,14.874891394858462,11118884.820978984,16.22415564581163,0.5945728258721118,2.454636750688786,94.85876882562394,2016449.0381968403,2.3227384012846155,1.2007884573913312,1.2364295573063515,0.848,0.94,0.0919999999999999,5644715.797,5644715797000,당초예산,6,행정안전부 지방재정365 기능별 회계별 세출예산,일반회계+기타특별회계+공기업특별회계,57.04046254571779,지역통합_3개회계_순계,백만원
울산,2024,1273043.0,302,302,0,0,0.859,8,8,0,0,0,0.0,,114.24,2020=100,253450,1114358.368347339,13.923790240218905,4396758.210090113,15.296378284345971,-0.4535312631365427,0.6050058630951627,66.62016883140889,-1770225.03964406,-0.6136848165803976,-0.9511011546395576,-0.927777361465658,0.814,0.848,0.034,5780757.929,5780757929000,당초예산,6,행정안전부 지방재정365 기능별 회계별 세출예산,일반회계+기타특별회계+공기업특별회계,22.02207765202548,지역통합_3개회계_순계,백만원
인천,2016,1094772.2,132,132,0,0,1.144,5,4,1,0,0,2.42,,95.718,2020=100,856765,1143747.466516225,13.949821554820128,1334960.5393733692,14.104413039943337,-0.4248450112665697,-1.7713139573220185,30.34052767857964,,,,,,,,8960219.625,8960219625000,당초예산,11,행정안전부 지방재정365 기능별 회계별 세출예산,일반회계+기타특별회계+공기업특별회계,12.218140244525534,지역통합_3개회계_순계,백만원
인천,2017,1161639.0,119,119,0,0,1.007,5,0,0,5,0,,,97.492,2020=100,849476,1191522.3813235958,13.990743198764063,1402655.7328560145,14.153878662617153,-0.3797497633664142,-1.6726985487427424,31.84610432893459,47774.9148073711,0.0417705098424305,0.0409216439439354,0.0494656226738143,1.144,,,9324193.142,9324193142000,당초예산,11,행정안전부 지방재정365 기능별 회계별 세출예산,일반회계+기타특별회계+공기업특별회계,12.45833266545606,지역통합_3개회계_순계,백만원
인천,2018,1453723.0,217,214,3,0,1.006,5,0,0,5,0,,,99.158,2020=100,843463,1466067.2865527745,14.198094740529978,1738152.4578467272,14.368333876563684,-0.151250410035837,-1.245157412047642,38.37344079438051,274544.9052291785,0.230415231415294,0.2073515417659148,0.2144552139465343,1.007,1.144,0.137,10316113.071,10316113071000,당초예산,11,행정안전부 지방재정365 기능별 회계별 세출예산,일반회계+기타특별회계+공기업특별회계,14.091770708549264,지역통합_3개회계_순계,백만원
인천,2019,2137311.0,252,252,0,0,0.94,6,4,1,1,0,0.0,,99.467,2020=100,828797,2148763.91164909,14.580403775340557,2592629.9342892044,14.768183722840073,0.2700503745287388,-0.4480107508012191,50.54360180036791,682696.6250963155,0.4656652742737128,0.3823090348105786,0.3998498462763855,1.006,1.007,0.0009999999999998,11539820.376,11539820376000,당초예산,11,행정안전부 지방재정365 기능별 회계별 세출예산,일반회계+기타특별회계+공기업특별회계,18.521180836099347,지역통합_3개회계_순계,백만원
인천,2020,2761790.0,305,305,0,0,0.829,6,4,2,0,0,0.0,,100.0,2020=100,807692,2761790.0,14.83138994028378,3419360.3502325146,15.044964351902664,0.5466346521088528,0.1037832699032993,58.96792620714001,613026.0883509102,0.2852924348866401,0.2509861649432245,0.2767806290625927,0.94,1.006,0.066,12535613.166,12535613166000,당초예산,11,행정안전부 지방재정365 기능별 회계별 세출예산,일반회계+기타특별회계+공기업특별회계,22.031550937537922,지역통합_3개회계_순계,백만원
인천,2021,3305518.2,367,367,0,0,0.778,8,6,2,0,0,0.03,,102.59,2020=100,793142,3222066.6731650257,14.985533845963737,4062408.336924568,15.217286788306378,0.7164997154102956,0.4473278682476467,64.2128745683996,460276.67316502566,0.1666588238660526,0.1541439056799536,0.1723224364037143,0.829,0.94,0.1109999999999999,13307454.09,13307454090000,당초예산,11,행정안전부 지방재정365 기능별 회계별 세출예산,일반회계+기타특별회계+공기업특별회계,24.83959875152949,지역통합_3개회계_순계,백만원
인천,2022,4451688.0,377,371,6,0,0.747,8,8,0,0,0,0.0,,108.06,2020=100,781788,4119644.64186563,15.231277708370786,5269516.3418543525,15.477449330337402,0.9873070273152228,0.9659918209606898,72.13139711812683,897577.9687006045,0.2785721276893742,0.2457438624070516,0.2601625420310238,0.778,0.829,0.0509999999999999,14562995.311,14562995311000,당초예산,11,행정안전부 지방재정365 기능별 회계별 세출예산,일반회계+기타특별회계+공기업특별회계,30.568491611320276,지역통합_3개회계_순계,백만원
인천,2023,4389696.0,336,336,0,0,0.694,8,8,0,0,0,0.0,,111.62,2020=100,777188,3932714.5672818488,15.18484072926707,5060184.3663075715,15.436913674250276,0.9361339344823576,0.8851793279406213,70.89762032501869,-186930.07458378145,-0.0453752910345994,-0.0464369791037171,-0.0405356560871261,0.747,0.778,0.031,15533484.476,15533484476000,당초예산,11,행정안전부 지방재정365 기능별 회계별 세출예산,일반회계+기타특별회계+공기업특별회계,28.25957052187677,지역통합_3개회계_순계,백만원
인천,2024,4721370.0,328,328,0,0,0.762,8,8,0,0,0,0.0,,114.24,2020=100,773496,4132851.8907563025,15.23447849904387,5343081.141668868,15.49131322451982,0.9908342670584984,0.9936310887065846,72.55337008108096,200137.32347445376,0.0508903761131034,0.0496377697768011,0.0543995502695437,0.694,0.747,0.053,16563973.976,16563973976000,당초예산,11,행정안전부 지방재정365 기능별 회계별 세출예산,일반회계+기타특별회계+공기업특별회계,28.50384821203489,지역통합_3개회계_순계,백만원
전남,2016,1883686.0,446,436,10,0,1.466,5,1,4,0,0,6.39,,95.718,2020=100,425915,1967953.7808980544,14.492505379144408,4620531.75140123,15.346020570565866,0.1731872091113864,0.703973470774255,68.13112255973368,,,,,,,,11703884.511,11703884511000,당초예산,23,행정안전부 지방재정365 기능별 회계별 세출예산,일반회계+기타특별회계+공기업특별회계,16.094536802969998,지역통합_3개회계_순계,백만원
전남,2017,1392937.0,451,447,4,0,1.325,5,0,0,5,0,,,97.492,2020=100,419647,1428770.5657900134,14.17232558814348,3404696.24658347,15.040666579246546,-0.1796477617316319,0.095215165762395,58.83711563992541,-539183.2151080412,-0.2739816454744128,-0.3201797910009283,-0.3053539913193202,1.466,,,12035927.742,12035927742000,당초예산,23,행정안전부 지방재정365 기능별 회계별 세출예산,일반회계+기타특별회계+공기업특별회계,11.573158545471102,지역통합_3개회계_순계,백만원
전남,2018,1647546.0,399,396,3,0,1.24,5,0,1,4,1,23.45,원자료에 자체사업 일부 세부내역이 없어 세부사업 합계가 과소대표될 수 있음,99.158,2020=100,411745,1661536.1342503882,14.323253716361751,4035352.303611187,15.210604415607996,-0.0133264534666404,0.4340057896340727,64.00948433979586,232765.56846037484,0.1629131884668069,0.1509281282182737,0.1699378363614503,1.325,1.466,0.141,13185409.095,13185409095000,당초예산,23,행정안전부 지방재정365 기능별 회계별 세출예산,일반회계+기타특별회계+공기업특별회계,12.49522095317286,지역통합_3개회계_순계,백만원
전남,2019,1540331.0,487,487,0,0,1.234,6,3,2,1,0,0.07,,99.467,2020=100,400334,1548584.9578252083,14.2528527872359,3868232.42049191,15.16830848029398,-0.090907582799598,0.3496839774992319,62.72213023058709,-112951.17642517992,-0.0679799699187032,-0.0704009291258547,-0.0422959353140157,1.24,1.325,0.0849999999999999,14541430.272,14541430272000,당초예산,23,행정안전부 지방재정365 기능별 회계별 세출예산,일반회계+기타특별회계+공기업특별회계,10.592706296339761,지역통합_3개회계_순계,백만원
전남,2020,1840688.0,499,499,0,0,1.145,6,5,1,0,0,1.54,,100.0,2020=100,386773,1840688.0,14.425650516015562,4759091.249906275,15.375567504220118,0.0995138095222413,0.7628786816475296,69.03043749796407,292103.0421747917,0.1886257778100941,0.1727977287796633,0.207259023926138,1.234,1.24,0.006,15974487.009,15974487009000,당초예산,23,행정안전부 지방재정365 기능별 회계별 세출예산,일반회계+기타특별회계+공기업특별회계,11.522673616767532,지역통합_3개회계_순계,백만원
전남,2021,1966392.42,524,524,0,0,1.017,8,8,0,0,0,0.0,,102.59,2020=100,372163,1916748.630470806,14.466141408631664,5150293.367343895,15.454564429713974,0.1441343737088447,0.9203681392341452,71.4348533335367,76060.63047080603,0.0413218483908224,0.040490892616102,0.0789969254938558,1.145,1.234,0.0889999999999999,16695307.87,16695307870000,당초예산,23,행정안전부 지방재정365 기능별 회계별 세출예산,일반회계+기타특별회계+공기업특별회계,11.77811415825062,지역통합_3개회계_순계,백만원
전남,2022,2258897.4,552,547,5,0,0.969,7,6,1,0,0,0.0,,108.06,2020=100,358232,2090410.32759578,14.55287141203904,5835353.423467976,15.579445562812374,0.2397099818001372,1.1693330425074842,75.23583890492326,173661.6971249741,0.0906022283591343,0.0867300034073768,0.1248811330984001,1.017,1.145,0.1280000000000001,18502101.927,18502101927000,당초예산,23,행정안전부 지방재정365 기능별 회계별 세출예산,일반회계+기타특별회계+공기업특별회계,12.208869072889525,지역통합_3개회계_순계,백만원
전남,2023,2712169.0,628,628,0,0,0.972,8,6,2,0,0,0.02,,111.62,2020=100,347654,2429823.50833184,14.703329593915347,6989200.493398149,15.759876872119255,0.4055134138326924,1.529043611706708,80.72759563619385,339413.1807360598,0.1623667737646632,0.1504581818763064,0.180431309306881,0.969,1.017,0.0479999999999999,19545034.459,19545034459000,당초예산,23,행정안전부 지방재정365 기능별 회계별 세출예산,일반회계+기타특별회계+공기업특별회계,13.876511733398935,지역통합_3개회계_순계,백만원
전남,2024,2621833.0,468,466,2,0,1.028,8,5,3,0,0,0.19,,114.24,2020=100,338373,2295021.8837535013,14.646253372561494,6782520.720487455,15.729859525940975,0.3426159810051534,1.469200579357628,79.81396283287,-134801.62457833858,-0.0554779489605335,-0.0570762213538529,-0.030017346178278,0.972,0.969,-0.003,19174871.341,19174871341000,당초예산,23,행정안전부 지방재정365 기능별 회계별 세출예산,일반회계+기타특별회계+공기업특별회계,13.6732755770515,지역통합_3개회계_순계,백만원
전북,2016,1401390.0,280,266,14,0,1.251,5,5,0,0,0,0.0,,95.718,2020=100,444987,1464081.9908481163,14.196739659634488,3290168.006813944,15.00644949127443,-0.1527436958136662,0.0269994650723599,57.79565601788312,,,,,,,,9478473.289,9478473289000,당초예산,15,행정안전부 지방재정365 기능별 회계별 세출예산,일반회계+기타특별회계+공기업특별회계,14.784975990029398,지역통합_3개회계_순계,백만원
전북,2017,1500137.7,318,318,0,0,1.151,5,0,0,5,0,,,97.492,2020=100,435899,1538729.0239199114,14.246467974378604,3530012.7412999603,15.07681232162144,-0.0979435835768465,0.1672758608476774,59.93727738434016,74647.03307179501,0.0509855551385842,0.0497283147441152,0.0703628303470083,1.251,,,9784204.602,9784204602000,당초예산,15,행정안전부 지방재정365 기능별 회계별 세출예산,일반회계+기타특별회계+공기업특별회계,15.332239676318249,지역통합_3개회계_순계,백만원
전북,2018,1629235.5,380,365,15,0,1.044,6,0,0,6,0,,,99.158,2020=100,425428,1643070.15066863,14.31207770141872,3862157.993053184,15.166736909702475,-0.0256423116731791,0.3465508707552937,62.674296606768046,104341.12674871855,0.0678099425738454,0.0656097270401154,0.0899245880810362,1.151,1.251,0.0999999999999998,10738753.671,10738753671000,당초예산,15,행정안전부 지방재정365 기능별 회계별 세출예산,일반회계+기타특별회계+공기업특별회계,15.17155109349188,지역통합_3개회계_순계,백만원
전북,2019,1908798.0,373,373,0,0,0.971,5,4,1,0,0,0.0,,99.467,2020=100,411844,1919026.410769401,14.467329058769742,4659595.406924468,15.35443939439502,0.1454431524438503,0.720757364452168,68.38736485277447,275956.260100771,0.1679515996249299,0.1552513573510232,0.1877024846925454,1.044,1.151,0.1069999999999999,11891403.652,11891403652000,당초예산,15,행정안전부 지방재정365 기능별 회계별 세출예산,일반회계+기타특별회계+공기업특별회계,16.051914945120558,지역통합_3개회계_순계,백만원
전북,2020,2018401.0,410,410,0,0,0.909,5,3,2,0,0,0.16,,100.0,2020=100,400476,2018401.0,14.517816667192363,5040004.894175931,15.432917809526218,0.2010799988233197,0.8772131119892139,70.77599887761089,99374.58923059911,0.0517838569979642,0.0504876084226211,0.0784784151311974,0.971,1.044,0.073,13008886.514,13008886514000,당초예산,15,행정안전부 지방재정365 기능별 회계별 세출예산,일반회계+기타특별회계+공기업특별회계,15.515555446100803,지역통합_3개회계_순계,백만원
전북,2021,2200038.999,473,473,0,0,0.85,8,7,1,0,0,0.0,,102.59,2020=100,388760,2144496.538648991,14.578415835187885,5516247.912977135,15.523208642507573,0.2678596840931778,1.0572182732328996,73.52416543308388,126095.53864899091,0.0624729866111792,0.0605991679955213,0.0902908329813527,0.909,0.971,0.0619999999999999,13989774.511,13989774511000,당초예산,15,행정안전부 지방재정365 기능별 회계별 세출예산,일반회계+기타특별회계+공기업특별회계,15.726050461143132,지역통합_3개회계_순계,백만원
전북,2022,2540795.1,498,498,0,0,0.817,8,8,0,0,0,0.0,,108.06,2020=100,374789,2351281.7878956133,14.670471604378664,6273614.721604992,15.65186341651123,0.3693042335346712,1.3137063637135944,77.44000866372292,206785.24924662244,0.0964260121291196,0.0920557691907806,0.1286547740036585,0.85,0.909,0.059,15129740.896,15129740896000,당초예산,15,행정안전부 지방재정365 기능별 회계별 세출예산,일반회계+기타특별회계+공기업특별회계,16.79338144298119,지역통합_3개회계_순계,백만원
전북,2023,2695319.0,403,403,0,0,0.78,8,6,2,0,0,0.01,,111.62,2020=100,363812,2414727.6473750225,14.697097477420408,6637295.2166916495,15.70821524224432,0.3986456829402837,1.426050210176456,79.15517949232192,63445.85947940918,0.026983520140388,0.026625873041743,0.0563518257330901,0.817,0.85,0.033,16148751.73,16148751730000,당초예산,15,행정안전부 지방재정365 기능별 회계별 세출예산,일반회계+기타특별회계+공기업특별회계,16.690571785761176,지역통합_3개회계_순계,백만원
전북,2024,2862745.0,419,419,0,0,0.808,8,5,3,0,0,0.01,,114.24,2020=100,353910,2505904.236694678,14.734160599155995,7080625.686458925,15.77287297678925,0.4394888774343706,1.554952841242173,81.12315583899851,91176.58931965569,0.0377585395267126,0.0370631217355867,0.0646577345449301,0.78,0.817,0.0369999999999999,16229932.294,16229932294000,당초예산,15,행정안전부 지방재정365 기능별 회계별 세출예산,일반회계+기타특별회계+공기업특별회계,17.638674938023744,지역통합_3개회계_순계,백만원
제주,2016,542630.0,130,117,13,0,1.432,6,5,1,0,0,0.0,,95.718,2020=100,163482,566904.8663783197,13.24794854843017,3467689.8152599046,15.058999459292206,-1.1983021397471878,0.1317638708713819,59.39511035703459,,,,,,,,3890498.595,3890498595000,당초예산,1,행정안전부 지방재정365 기능별 회계별 세출예산,일반회계+기타특별회계+공기업특별회계,13.947569617359031,지역통합_3개회계_순계,백만원
제주,2017,542097.0,134,120,14,0,1.305,6,0,0,6,0,,,97.492,2020=100,167063,556042.5470807861,13.22860189225345,3328340.488802345,15.01798468647712,-1.2196219639830757,0.0499962035437624,58.146750770474746,-10862.3192975336,-0.0191607444947997,-0.0193466561767206,-0.0410147728150871,1.432,,,4285850.389,4285850389000,당초예산,1,행정안전부 지방재정365 기능별 회계별 세출예산,일반회계+기타특별회계+공기업특별회계,12.648528315205262,지역통합_3개회계_순계,백만원
제주,2018,2211904.0,129,119,10,0,1.22,6,0,0,6,0,,,99.158,2020=100,169441,2230686.3793138224,14.617820337784307,13164974.11673575,16.393070460803337,0.3112830571962355,2.791387863786931,100.0,1674643.8322330364,3.011718871199493,1.389218445530858,1.3750857743262177,1.305,1.432,0.127,4784074.371,4784074371000,당초예산,1,행정안전부 지방재정365 기능별 회계별 세출예산,일반회계+기타특별회계+공기업특별회계,46.23473275014437,지역통합_3개회계_순계,백만원
제주,2019,689085.0,135,135,0,0,1.145,6,5,1,0,0,0.0,,99.467,2020=100,166985,692777.5040968362,13.448465608175146,4148740.929405852,15.238315696707012,-0.9773343181758336,0.4892514159927051,64.85292783689324,-1537908.875216986,-0.689433032576305,-1.1693547296091609,-1.1547547640963245,1.22,1.305,0.0849999999999999,5116992.495,5116992495000,당초예산,1,행정안전부 지방재정365 기능별 회계별 세출예산,일반회계+기타특별회계+공기업특별회계,13.466601732821184,지역통합_3개회계_순계,백만원
제주,2020,816440.0,138,138,0,0,1.021,6,6,0,0,0,0.0,,100.0,2020=100,165301,816440.0,13.612709929136978,4939111.076158039,15.412696131340224,-0.796338696882761,0.8368988705286238,70.16051513633488,123662.4959031638,0.1785024703773843,0.1642443209618314,0.1743804346332105,1.145,1.22,0.0749999999999999,5647320.94,5647320940000,당초예산,1,행정안전부 지방재정365 기능별 회계별 세출예산,일반회계+기타특별회계+공기업특별회계,14.457120618329867,지역통합_3개회계_순계,백만원
제주,2021,704514.0,155,155,0,0,0.951,8,8,0,0,0,0.0,,102.59,2020=100,161949,686727.7512428112,13.439694662441797,4240395.1320651015,15.26016725021792,-0.9869998138413104,0.5328150013897783,65.51801981313194,-129712.2487571888,-0.1588754210440311,-0.1730152666951827,-0.1525288811223024,1.021,1.145,0.1240000000000001,5559803.5,5559803500000,당초예산,1,행정안전부 지방재정365 기능별 회계별 세출예산,일반회계+기타특별회계+공기업특별회계,12.671562942827025,지역통합_3개회계_순계,백만원
제주,2022,913167.7,160,160,0,0,0.919,8,8,0,0,0,0.0,,108.06,2020=100,157259,845056.1724967611,13.647159563809971,5373658.566420753,15.497019717885404,-0.7583755393474257,1.0050076396197904,72.7270576382615,158328.42125394987,0.2305548610310472,0.2074649013681782,0.2368524676674841,0.951,1.021,0.0699999999999999,6094351.579,6094351579000,당초예산,1,행정안전부 지방재정365 기능별 회계별 세출예산,일반회계+기타특별회계+공기업특별회계,14.98383688835094,지역통합_3개회계_순계,백만원
제주,2023,1002935.0,160,160,0,0,0.827,8,8,0,0,0,0.0,,111.62,2020=100,152204,898526.2497760258,13.708512312821574,5903433.876744539,15.591044921972538,-0.690765415232552,1.1924576992085671,75.58888660485378,53470.07727926469,0.0632739917410278,0.0613527490116005,0.0940252040871332,0.919,0.951,0.0319999999999999,6701520.126,6701520126000,당초예산,1,행정안전부 지방재정365 기능별 회계별 세출예산,일반회계+기타특별회계+공기업특별회계,14.965783600483363,지역통합_3개회계_순계,백만원
제주,2024,1047248.0,156,156,0,0,0.826,8,8,0,0,0,0.0,,114.24,2020=100,147597,916708.6834733894,13.728546107299104,6210889.675761631,15.6418148696737,-0.6686883713683643,1.2936734297597372,77.13416277175175,18182.433697363595,0.0202358403017117,0.0200337944775288,0.0507699477011627,0.827,0.919,0.092,6871871.526,6871871526000,당초예산,1,행정안전부 지방재정365 기능별 회계별 세출예산,일반회계+기타특별회계+공기업특별회계,15.239632988447113,지역통합_3개회계_순계,백만원
충남,2016,1317305.0,421,420,1,0,1.395,6,2,4,0,2,72.29,,95.718,2020=100,540833,1376235.3998203054,14.134863084914109,2544658.702076806,14.749507486679436,-0.220931070691638,-0.485243975819916,49.97515641223673,,,,,,,,10288195.424,10288195424000,당초예산,16,행정안전부 지방재정365 기능별 회계별 세출예산,일반회계+기타특별회계+공기업특별회계,12.804043330349554,지역통합_3개회계_순계,백만원
충남,2017,1301513.7999999998,420,420,0,0,1.276,6,0,0,6,0,,,97.492,2020=100,540722,1334995.4868091738,14.104439218209407,2468912.836557739,14.719288869604853,-0.2544578716434618,-0.5454882648519513,49.05539756125603,-41239.913011131575,-0.02996574061132,-0.0304238667046998,-0.0302186170745848,1.395,,,10253514.801,10253514801000,당초예산,16,행정안전부 지방재정365 기능별 회계별 세출예산,일반회계+기타특별회계+공기업특별회계,12.693342968335758,지역통합_3개회계_순계,백만원
충남,2018,1308334.9,465,463,2,0,1.186,6,0,0,6,0,,,99.158,2020=100,537386,1319444.6237318218,14.092722224324056,2455301.4476220477,14.713760508210074,-0.2673698833072279,-0.5565096891917374,48.887131776236274,-15550.863077352056,-0.0116486259549242,-0.0117169938853525,-0.0055283613947771,1.276,1.395,0.119,11213848.862,11213848862000,당초예산,16,행정안전부 지방재정365 기능별 회계별 세출예산,일반회계+기타특별회계+공기업특별회계,11.667135129968724,지역통합_3개회계_순계,백만원
충남,2019,1809236.0,454,454,0,0,1.112,5,3,2,0,0,0.11,,99.467,2020=100,524990,1818930.9017060937,14.413760019584569,3464696.2831789055,15.058135822627738,0.086410599764924,0.130042111841032,59.36882399640415,499486.2779742717,0.378557969762733,0.3210377952605103,0.3443753144176646,1.186,1.276,0.09,12225713.132,12225713132000,당초예산,16,행정안전부 지방재정365 기능별 회계별 세출예산,일반회계+기타특별회계+공기업특별회계,14.798613221706011,지역통합_3개회계_순계,백만원
충남,2020,1425058.0,545,537,8,0,1.029,6,2,4,0,0,0.29,,100.0,2020=100,511798,1425058.0,14.16972377433656,2784414.9449587534,14.839548694793349,-0.1825149348778009,-0.3057364704625505,52.71572517854929,-393872.90170609346,-0.2165408819744908,-0.244036245248008,-0.2185871278343896,1.112,1.186,0.0739999999999998,13362276.827,13362276827000,당초예산,16,행정안전부 지방재정365 기능별 회계별 세출예산,일반회계+기타특별회계+공기업특별회계,10.664784291255726,지역통합_3개회계_순계,백만원
충남,2021,1253034.0,624,624,0,0,0.963,8,5,3,0,0,0.0,,102.59,2020=100,497862,1221399.7465639925,14.015508911007265,2453289.760142354,14.712940848683536,-0.3524581928087605,-0.5581437747391583,48.86218394018992,-203658.2534360075,-0.1429122558071374,-0.1542148633292939,-0.1266078461098132,1.029,1.112,0.0830000000000001,14422887.284,14422887284000,당초예산,16,행정안전부 지방재정365 기능별 회계별 세출예산,일반회계+기타특별회계+공기업특별회계,8.687816630100484,지역통합_3개회계_순계,백만원
충남,2022,1666990.0,622,622,0,0,0.909,8,8,0,0,0,0.0,,108.06,2020=100,484574,1542652.230242458,14.249014368720902,3183522.496548428,14.973499159140244,-0.0951374821339326,-0.0386908121462827,56.792752425426514,321252.4836784655,0.2630199364149239,0.2335054577136368,0.2605583104567088,0.963,1.029,0.0659999999999999,15895999.923,15895999923000,당초예산,16,행정안전부 지방재정365 기능별 회계별 세출예산,일반회계+기타특별회계+공기업특별회계,10.48685208904678,지역통합_3개회계_순계,백만원
충남,2023,1693900.0,660,660,0,0,0.842,8,4,4,0,0,0.01,,111.62,2020=100,476757,1517559.5771367138,14.232614720154771,3183088.191965118,14.973362727224174,-0.11320973305763,-0.0389628048640385,56.788599870660285,-25092.65310574416,-0.0162659169797462,-0.0163996485661286,-0.0001364319160703,0.909,0.963,0.0539999999999999,16624199.177,16624199177000,당초예산,16,행정안전부 지방재정365 기능별 회계별 세출예산,일반회계+기타특별회계+공기업특별회계,10.189363000074936,지역통합_3개회계_순계,백만원
충남,2024,1060854.0,106,106,0,0,0.883,8,0,8,0,6,96.58,,114.24,2020=100,472607,928618.6974789916,13.741454566359993,1964885.6184504072,14.490945101086616,-0.654463376835951,-1.0007178326155444,42.10533754882837,-588940.8796577222,-0.3880841902555934,-0.4911601537947803,-0.4824176261375594,0.842,0.909,0.067,17359127.235,17359127235000,당초예산,16,행정안전부 지방재정365 기능별 회계별 세출예산,일반회계+기타특별회계+공기업특별회계,6.111217376534196,지역통합_3개회계_순계,백만원
충북,2016,1198606.0,380,378,2,0,1.358,6,2,4,0,1,41.86,,95.718,2020=100,410724,1252226.331515493,14.040434388852375,3048826.782743383,14.930267741181776,-0.3249905621340217,-0.1248776165366509,55.47692519185039,,,,,,,,7126733.448,7126733448000,당초예산,12,행정안전부 지방재정365 기능별 회계별 세출예산,일반회계+기타특별회계+공기업특별회계,16.818448574590214,지역통합_3개회계_순계,백만원
충북,2017,1184144.7,399,389,10,0,1.235,6,0,0,6,0,,,97.492,2020=100,407345,1214607.044680589,14.00993198574048,2981764.9527564817,14.908026284558735,-0.3586039094317487,-0.1692185186363331,54.799965801642216,-37619.286834904226,-0.0300419228442321,-0.0305024031118961,-0.0222414566230408,1.358,,,7426389.159,7426389159000,당초예산,12,행정안전부 지방재정365 기능별 회계별 세출예산,일반회계+기타특별회계+공기업특별회계,15.945093566298524,지역통합_3개회계_순계,백만원
충북,2018,1087783.0,416,400,16,0,1.172,6,0,0,6,0,,,99.158,2020=100,406509,1097019.9076221788,13.908108797983845,2698636.2113069547,14.808257466999205,-0.4708120577691073,-0.3681191323409833,51.76331945956214,-117587.13705841031,-0.0968108472393495,-0.1018231877566382,-0.0997688175595303,1.235,1.358,0.123,8016426.191,8016426191000,당초예산,12,행정안전부 지방재정365 기능별 회계별 세출예산,일반회계+기타특별회계+공기업특별회계,13.56942575260343,지역통합_3개회계_순계,백만원
충북,2019,1216343.0,422,422,0,0,1.05,6,2,3,1,0,0.11,,99.467,2020=100,400285,1222860.8483215538,14.016704446981713,3054975.4507951927,14.93228244214411,-0.3511407239598758,-0.1208610784274311,55.53824629855798,125840.940699375,0.1147116290461298,0.1085956489978698,0.1240249751449056,1.172,1.235,0.0630000000000001,8731174.047,8731174047000,당초예산,12,행정안전부 지방재정365 기능별 회계별 세출예산,일반회계+기타특별회계+공기업특별회계,13.931036003318834,지역통합_3개회계_순계,백만원
충북,2020,1730007.0,467,467,0,0,0.983,6,4,2,0,0,0.9,,100.0,2020=100,393886,1730007.0,14.363636590740729,4392151.536231295,15.29532999204002,0.0311750756883373,0.6029159718035129,66.58826213877516,507146.1516784462,0.414721063622679,0.3469321437590142,0.36304754989591,1.05,1.172,0.1219999999999998,9608095.076,9608095076000,당초예산,12,행정안전부 지방재정365 기능별 회계별 세출예산,일반회계+기타특별회계+공기업특별회계,18.005723156522187,지역통합_3개회계_순계,백만원
충북,2021,1856518.64,438,438,0,0,0.949,7,5,2,0,0,0.36,,102.59,2020=100,385022,1809648.7376937324,14.408643869429213,4700117.753514688,15.363098333066342,0.0807726527688014,0.7380199546871276,68.65091547997191,79641.73769373237,0.0460355002573587,0.0450072786884856,0.067768341026321,0.983,1.05,0.067,10250433.486,10250433486000,당초예산,12,행정안전부 지방재정365 기능별 회계별 세출예산,일반회계+기타특별회계+공기업특별회계,18.111611011725753,지역통합_3개회계_순계,백만원
충북,2022,1864639.7,492,492,0,0,0.871,8,8,0,0,0,0.0,,108.06,2020=100,375742,1725559.5965204516,14.36106253914202,4592405.417867716,15.33991471869836,0.0283384962217209,0.6918007527512915,67.94527979651077,-84089.14117328078,-0.0464671068046312,-0.0475813302871941,-0.0231836143679817,0.949,0.983,0.034,11274717.944,11274717944000,당초예산,12,행정안전부 지방재정365 기능별 회계별 세출예산,일반회계+기타특별회계+공기업특별회계,16.53823811168859,지역통합_3개회계_순계,백만원
충북,2023,1875132.0,484,484,0,0,0.886,8,6,2,0,0,0.82,,111.62,2020=100,369437,1679924.744669414,14.334260150801072,4547256.351338426,15.330034829256654,-0.0011974713021439,0.6721040567158111,67.64456730069104,-45634.85185103747,-0.0264464072658279,-0.0268023883409469,-0.0098798894417058,0.871,0.949,0.0779999999999999,12050078.674,12050078674000,당초예산,12,행정안전부 지방재정365 기능별 회계별 세출예산,일반회계+기타특별회계+공기업특별회계,15.561159812557088,지역통합_3개회계_순계,백만원
충북,2024,2209471.0,501,501,0,0,0.882,8,5,3,0,0,0.0,,114.24,2020=100,363020,1934060.74929972,14.475132882768886,5327697.507850036,15.48842990323681,0.1540428894996906,0.9878828560751202,72.465610927056,254136.0046303058,0.151278207810622,0.1408727319678142,0.1583950739801558,0.886,0.871,-0.015,12242686.246,12242686246000,당초예산,12,행정안전부 지방재정365 기능별 회계별 세출예산,일반회계+기타특별회계+공기업특별회계,18.047272923635457,지역통합_3개회계_순계,백만원
