분모대안,지역,연도,주기준_비율_pct,계획예산_총세출비율_pct,주기준_순위,순위,순위차,절대순위차,100pct_초과
광역본청_3개회계_순계,경북,2017,11.648333985960187,73.8616165155581,15.0,5.0,-10.0,10.0,False
광역본청_3개회계_순계,경남,2016,10.559678134180112,52.72799980690493,15.0,6.0,-9.0,9.0,False
광역본청_3개회계_순계,경북,2016,10.897275127185702,59.09057108832787,13.0,4.0,-9.0,9.0,False
광역본청_3개회계_순계,제주,2018,46.23473275014437,46.23473275014437,2.0,11.0,9.0,9.0,False
광역본청_3개회계_순계,경북,2019,12.700895642355198,81.75853503257126,14.0,5.0,-9.0,9.0,False
광역본청_3개회계_순계,광주,2019,20.419502512771267,39.26364557321568,1.0,10.0,9.0,9.0,False
광역본청_3개회계_순계,전남,2020,11.522673616767532,77.8745618325283,14.0,5.0,-9.0,9.0,False
광역본청_3개회계_순계,대구,2021,21.372877266254054,42.26820533453699,4.0,13.0,9.0,9.0,False
광역본청_3개회계_순계,경북,2023,14.093926899323714,95.6267836265634,15.0,6.0,-9.0,9.0,False
광역본청_3개회계_순계,세종,2024,18.35939990852272,18.35939990852272,7.0,16.0,9.0,9.0,False
광역본청_3개회계_순계,대전,2016,17.664120431091114,32.590987093373,2.0,10.0,8.0,8.0,False
광역본청_3개회계_순계,경남,2017,12.009264105010567,71.03621347415111,14.0,6.0,-8.0,8.0,False
광역본청_3개회계_순계,광주,2017,29.376730813174746,55.16904548112848,3.0,11.0,8.0,8.0,False
광역본청_3개회계_순계,대전,2017,23.189187980349026,45.9880079682744,4.0,12.0,8.0,8.0,False
광역본청_3개회계_순계,전남,2017,11.573158545471102,66.61476231744324,16.0,8.0,-8.0,8.0,False
광역본청_3개회계_순계,경남,2018,13.01086493812268,80.4287635164442,13.0,5.0,-8.0,8.0,False
광역본청_3개회계_순계,경북,2018,15.01511347292937,95.90112092715344,10.0,2.0,-8.0,8.0,False
광역본청_3개회계_순계,대구,2018,17.518604073326863,33.08445698007343,7.0,15.0,8.0,8.0,False
광역본청_3개회계_순계,대전,2018,21.70719909978517,42.793103349535734,4.0,12.0,8.0,8.0,False
광역본청_3개회계_순계,부산,2018,19.983772723487903,38.680567110635025,5.0,13.0,8.0,8.0,False
광역본청_3개회계_순계,서울,2018,18.484583598840747,34.26967587154767,6.0,14.0,8.0,8.0,False
광역본청_3개회계_순계,전남,2018,12.49522095317286,76.80835736332057,14.0,6.0,-8.0,8.0,False
광역본청_3개회계_순계,대구,2019,19.63862901037566,37.344450520340864,3.0,11.0,8.0,8.0,False
광역본청_3개회계_순계,인천,2019,18.521180836099347,36.88407495944781,4.0,12.0,8.0,8.0,False
광역본청_3개회계_순계,경남,2020,9.060603539025683,58.797456108465674,16.0,8.0,-8.0,8.0,False
광역본청_3개회계_순계,경북,2020,13.74528545320673,89.81163720503434,12.0,4.0,-8.0,8.0,False
광역본청_3개회계_순계,대전,2020,21.89532437778884,42.31434039829803,4.0,12.0,8.0,8.0,False
광역본청_3개회계_순계,부산,2020,25.368014011756053,52.31849112429395,2.0,10.0,8.0,8.0,False
광역본청_3개회계_순계,울산,2020,26.271966032577087,54.98212492916124,1.0,9.0,8.0,8.0,False
광역본청_3개회계_순계,인천,2020,22.03155093753792,44.09937867341595,3.0,11.0,8.0,8.0,False
광역본청_3개회계_순계,충남,2020,10.664784291255726,67.63428885184658,15.0,7.0,-8.0,8.0,False
광역본청_3개회계_순계,경북,2021,15.910646061190414,105.17288202267152,10.0,2.0,-8.0,8.0,True
광역본청_3개회계_순계,대전,2021,22.24081065591008,43.53110388624032,3.0,11.0,8.0,8.0,False
광역본청_3개회계_순계,인천,2021,24.83959875152949,48.68138260250988,2.0,10.0,8.0,8.0,False
광역본청_3개회계_순계,전남,2021,11.77811415825062,75.95995102914466,15.0,7.0,-8.0,8.0,False
광역본청_3개회계_순계,충남,2021,8.687816630100484,55.17947555389014,17.0,9.0,-8.0,8.0,False
광역본청_3개회계_순계,경남,2022,15.497074299555704,103.781940007505,10.0,2.0,-8.0,8.0,True
광역본청_3개회계_순계,경북,2022,15.258294556175471,98.44526993230298,11.0,3.0,-8.0,8.0,False
광역본청_3개회계_순계,대구,2022,23.10212271417069,46.56170545518405,3.0,11.0,8.0,8.0,False
광역본청_3개회계_순계,대전,2022,22.021687577156925,44.13243798586053,4.0,12.0,8.0,8.0,False
광역본청_3개회계_순계,서울,2022,17.71574029107411,33.989967648674664,6.0,14.0,8.0,8.0,False
광역본청_3개회계_순계,울산,2022,17.7439962160335,37.148085205582085,5.0,13.0,8.0,8.0,False
광역본청_3개회계_순계,전남,2022,12.208869072889524,77.01892463637623,14.0,6.0,-8.0,8.0,False
광역본청_3개회계_순계,충남,2022,10.48685208904678,66.1695340787047,16.0,8.0,-8.0,8.0,False
광역본청_3개회계_순계,대구,2023,23.18868465885204,47.99137154568812,4.0,12.0,8.0,8.0,False
광역본청_3개회계_순계,부산,2023,25.681358806018327,54.45658717001175,3.0,11.0,8.0,8.0,False
광역본청_3개회계_순계,서울,2023,17.390519355813776,33.79406940908341,6.0,14.0,8.0,8.0,False
광역본청_3개회계_순계,인천,2023,28.25957052187677,56.00487309208345,2.0,10.0,8.0,8.0,False
광역본청_3개회계_순계,전남,2023,13.876511733398935,91.29078630203638,16.0,8.0,-8.0,8.0,False
광역본청_3개회계_순계,충남,2023,10.189363000074936,63.46575454464054,17.0,9.0,-8.0,8.0,False
광역본청_3개회계_순계,경남,2024,17.47482757233154,117.18948567996031,10.0,2.0,-8.0,8.0,True
광역본청_3개회계_순계,경북,2024,16.54597193220526,111.14410038151546,13.0,5.0,-8.0,8.0,True
광역본청_3개회계_순계,인천,2024,28.50384821203489,56.289060606318785,1.0,9.0,8.0,8.0,False
광역본청_3개회계_순계,전남,2024,13.6732755770515,89.79195509703112,15.0,7.0,-8.0,8.0,False
광역본청_3개회계_순계,전북,2024,17.638674938023744,118.5235580025509,9.0,1.0,-8.0,8.0,True
광역본청_3개회계_순계,강원,2016,10.262667366405566,41.50595844872188,16.0,9.0,-7.0,7.0,False
광역본청_3개회계_순계,광주,2016,26.842510211873293,50.36040645400048,1.0,8.0,7.0,7.0,False
광역본청_3개회계_순계,부산,2016,16.62447419077127,31.143189927473426,4.0,11.0,7.0,7.0,False
광역본청_3개회계_순계,제주,2016,13.947569617359031,13.947569617359031,9.0,16.0,7.0,7.0,False
광역본청_3개회계_순계,부산,2017,32.22622632975881,61.50453826954787,2.0,9.0,7.0,7.0,False
광역본청_3개회계_순계,서울,2017,15.89206228823996,28.76132245855647,6.0,13.0,7.0,7.0,False
광역본청_3개회계_순계,강원,2018,10.543671073592122,59.20186023409568,16.0,9.0,-7.0,7.0,False
광역본청_3개회계_순계,울산,2018,21.7364636974506,48.53644995673478,3.0,10.0,7.0,7.0,False
광역본청_3개회계_순계,충남,2018,11.667135129968724,73.52350529169614,15.0,8.0,-7.0,7.0,False
광역본청_3개회계_순계,부산,2019,20.13382574794342,40.41863097770648,2.0,9.0,7.0,7.0,False
광역본청_3개회계_순계,전남,2019,10.59270629633976,67.5952616444394,15.0,8.0,-7.0,7.0,False
광역본청_3개회계_순계,강원,2020,12.141637491539663,71.80499855519517,13.0,6.0,-7.0,7.0,False
광역본청_3개회계_순계,대구,2020,19.457413731948797,36.73763380713659,6.0,13.0,7.0,7.0,False
광역본청_3개회계_순계,부산,2021,27.364209473671025,56.51533348330453,1.0,8.0,7.0,7.0,False
광역본청_3개회계_순계,서울,2021,18.48071796018102,35.67748472982248,7.0,14.0,7.0,7.0,False
광역본청_3개회계_순계,울산,2021,20.098313570220142,42.3828746968798,5.0,12.0,7.0,7.0,False
광역본청_3개회계_순계,충북,2021,18.111611011725753,107.21017400788416,8.0,1.0,-7.0,7.0,True
광역본청_3개회계_순계,강원,2022,9.558898635191508,57.07281616500782,17.0,10.0,-7.0,7.0,False
광역본청_3개회계_순계,인천,2022,30.568491611320276,59.830506335139745,2.0,9.0,7.0,7.0,False
광역본청_3개회계_순계,전북,2023,16.690571785761176,109.2088821116102,11.0,4.0,-7.0,7.0,True
광역본청_3개회계_순계,강원,2024,17.35656341432644,115.16116884031398,11.0,4.0,-7.0,7.0,True
광역본청_3개회계_순계,대구,2024,24.392011430417977,54.763009627503386,3.0,10.0,7.0,7.0,False
광역본청_3개회계_순계,대전,2024,23.708837932703748,50.32383312315537,4.0,11.0,7.0,7.0,False
지역통합_3개회계_총계,제주,2016,13.947569617359031,13.225813676087226,9.0,2.0,-7.0,7.0,False
지역통합_3개회계_총계,제주,2019,13.466601732821184,13.038230384153248,13.0,6.0,-7.0,7.0,False
지역통합_3개회계_총계,제주,2022,14.98383688835094,14.285555463801666,12.0,5.0,-7.0,7.0,False
지역통합_3개회계_총계,제주,2023,14.965783600483364,14.197990788810005,14.0,7.0,-7.0,7.0,False
지역통합_4개회계_총계,제주,2016,13.947569617359031,11.77850737397868,9.0,2.0,-7.0,7.0,False
지역통합_4개회계_총계,제주,2022,14.98383688835094,12.874564336691124,12.0,5.0,-7.0,7.0,False
지역통합_4개회계_총계,제주,2023,14.965783600483364,12.42758715243543,14.0,7.0,-7.0,7.0,False
광역본청_3개회계_순계,서울,2016,15.15580023444737,27.792171644853376,7.0,13.0,6.0,6.0,False
광역본청_3개회계_순계,울산,2016,15.498066714694234,30.821535145054295,6.0,12.0,6.0,6.0,False
광역본청_3개회계_순계,충남,2016,12.804043330349554,57.72531673072644,11.0,5.0,-6.0,6.0,False
광역본청_3개회계_순계,충남,2017,12.693342968335758,76.98917665983174,10.0,4.0,-6.0,6.0,False
광역본청_3개회계_순계,전북,2018,15.17155109349188,90.57489848749798,9.0,3.0,-6.0,6.0,False
광역본청_3개회계_순계,서울,2019,16.21657296705661,29.83516632542153,7.0,13.0,6.0,6.0,False
광역본청_3개회계_순계,전북,2019,16.051914945120558,98.93436301031194,8.0,2.0,-6.0,6.0,False
광역본청_3개회계_순계,서울,2020,16.595958235432768,31.119749332933093,8.0,14.0,6.0,6.0,False
광역본청_3개회계_순계,전북,2020,15.515555446100803,98.69575241436786,9.0,3.0,-6.0,6.0,False
광역본청_3개회계_순계,강원,2021,15.23756484977994,91.6007998478711,12.0,6.0,-6.0,6.0,False
광역본청_3개회계_순계,경남,2021,16.2961078717932,102.91185813557152,9.0,3.0,-6.0,6.0,True
광역본청_3개회계_순계,전북,2021,15.726050461143132,101.62000868525274,11.0,5.0,-6.0,6.0,True
광역본청_3개회계_순계,부산,2022,32.620269977316774,68.62758802917214,1.0,7.0,6.0,6.0,False
광역본청_3개회계_순계,전북,2022,16.79338144298119,109.03859668081968,7.0,1.0,-6.0,6.0,True
광역본청_3개회계_순계,경남,2023,16.830728472800885,109.55830759070146,9.0,3.0,-6.0,6.0,True
광역본청_3개회계_순계,대전,2023,17.346924174749024,35.51124165199487,7.0,13.0,6.0,6.0,False
광역본청_3개회계_순계,세종,2023,16.820465597130287,16.820465597130287,10.0,16.0,6.0,6.0,False
광역본청_3개회계_순계,충북,2023,15.561159812557088,93.04477739943124,13.0,7.0,-6.0,6.0,False
광역본청_3개회계_순계,부산,2024,27.838864890067576,61.00386054443763,2.0,8.0,6.0,6.0,False
광역본청_3개회계_순계,울산,2024,22.02207765202548,49.37801157030471,6.0,12.0,6.0,6.0,False
지역통합_3개회계_총계,제주,2017,12.648528315205262,12.183850280101312,11.0,5.0,-6.0,6.0,False
지역통합_3개회계_총계,제주,2024,15.239632988447111,14.52420610254209,14.0,8.0,-6.0,6.0,False
지역통합_4개회계_총계,제주,2019,13.466601732821184,11.42319751665798,13.0,7.0,-6.0,6.0,False
지역통합_4개회계_총계,대전,2023,17.346924174749024,10.566442474684676,7.0,13.0,6.0,6.0,False
지역통합_4개회계_총계,서울,2023,17.390519355813776,10.620009332952195,6.0,12.0,6.0,6.0,False
지역통합_4개회계_총계,제주,2024,15.239632988447111,12.21465809913737,14.0,8.0,-6.0,6.0,False
광역본청_3개회계_순계,전북,2016,14.784975990029398,76.35276078886156,8.0,3.0,-5.0,5.0,False
광역본청_3개회계_순계,대구,2017,12.777911038454484,24.11155149879339,9.0,14.0,5.0,5.0,False
광역본청_3개회계_순계,전북,2017,15.332239676318247,90.0678711147598,7.0,2.0,-5.0,5.0,False
광역본청_3개회계_순계,제주,2017,12.648528315205262,12.648528315205262,11.0,16.0,5.0,5.0,False
광역본청_3개회계_순계,인천,2018,14.091770708549264,27.90150781541027,11.0,16.0,5.0,5.0,False
광역본청_3개회계_순계,충북,2018,13.56942575260343,75.93875678254852,12.0,7.0,-5.0,5.0,False
광역본청_3개회계_순계,경남,2019,16.637855950539088,104.88565478614224,6.0,1.0,-5.0,5.0,True
광역본청_3개회계_순계,충남,2019,14.798613221706011,91.5566611512568,9.0,4.0,-5.0,5.0,False
광역본청_3개회계_순계,세종,2020,13.765244612439623,13.765244612439623,11.0,16.0,5.0,5.0,False
광역본청_3개회계_순계,제주,2020,14.457120618329869,14.457120618329869,10.0,15.0,5.0,5.0,False
광역본청_3개회계_순계,충북,2020,18.005723156522187,103.3526031132308,7.0,2.0,-5.0,5.0,True
지역통합_3개회계_총계,세종,2022,13.056550195794742,12.039089917909974,13.0,8.0,-5.0,5.0,False
지역통합_3개회계_총계,서울,2023,17.390519355813776,11.991282753050742,6.0,11.0,5.0,5.0,False
지역통합_3개회계_총계,세종,2023,16.820465597130287,15.900333270092592,10.0,5.0,-5.0,5.0,False
지역통합_4개회계_총계,제주,2017,12.648528315205262,10.620419204888824,11.0,6.0,-5.0,5.0,False
지역통합_4개회계_총계,충북,2024,18.047272923635457,11.084997225735457,8.0,13.0,5.0,5.0,False
