모형버전,모형,종속변수,설명변수,누락주의관측치_제외,계수,군집표준오차,t값,p값,95%신뢰구간_하한,95%신뢰구간_상한,관측치,지역수,연도수,잔차자유도,추론자유도,지역고정효과,연도고정효과,지역군집표준오차
기본모형(F_t-1),1-1. 고용여건,합계출산율,log1p_인구1인당_실질예산_전년도,False,-0.00010615854809048822,0.0026203137790328282,-0.04051367776635969,0.968184843426522,-0.005660975613884653,0.005448658517703676,136,17,8,111.0,16.0,True,True,True
기본모형(F_t-1),1-2. 주거안정성,합계출산율,log1p_인구1인당_실질예산_전년도,False,-0.0012248700289757435,0.0015148628157851745,-0.8085682850039965,0.43062282470369484,-0.0044362357397519665,0.001986495681800479,136,17,8,111.0,16.0,True,True,True
기본모형(F_t-1),1-3. 경제적 여건,합계출산율,log1p_인구1인당_실질예산_전년도,False,0.004361561333123569,0.005325654527631095,0.818971886083575,0.42483344643712434,-0.006928321921823258,0.015651444588070395,136,17,8,111.0,16.0,True,True,True
기본모형(F_t-1),2-1. 돌봄 여건,합계출산율,log1p_인구1인당_실질예산_전년도,False,-0.005784443575916683,0.010516712623707906,-0.5500239269519229,0.5898993876557374,-0.028078878397302137,0.016509991245468772,136,17,8,111.0,16.0,True,True,True
기본모형(F_t-1),2-2. 여가 인프라,합계출산율,log1p_인구1인당_실질예산_전년도,False,-0.0009090037803875387,0.004240625727277473,-0.21435604999055854,0.8329774470678415,-0.00989872873165704,0.008080721170881964,136,17,8,111.0,16.0,True,True,True
기본모형(F_t-1),2-3. 가사수행 격차,합계출산율,log1p_인구1인당_실질예산_전년도,False,0.009086660260966915,0.0045766230488078295,1.9854508802803654,0.06450830128746057,-0.0006153471927389381,0.018788667714672767,136,17,8,111.0,16.0,True,True,True
기본모형(F_t-1),3-1. 의료서비스 여건,합계출산율,log1p_인구1인당_실질예산_전년도,False,-0.00025224654676260765,0.0061668449661869676,-0.04090366275553942,0.9678787710264728,-0.01332537387005828,0.012820880776533063,136,17,8,111.0,16.0,True,True,True
기본모형(F_t-1),3-2. 산후조리 여건,합계출산율,log1p_인구1인당_실질예산_전년도,False,-0.002502769924629903,0.006970147149762753,-0.3590698834407092,0.7242373849797571,-0.017278821803763885,0.01227328195450408,136,17,8,111.0,16.0,True,True,True
기본모형(F_t-1),3-3. 아동안전 수준,합계출산율,log1p_인구1인당_실질예산_전년도,False,0.005448265332612467,0.005619967172964305,0.9694478926535665,0.34674939984693703,-0.006465532858804056,0.01736206352402899,136,17,8,111.0,16.0,True,True,True
기본모형(F_t-1),4-1. 일·가정 양립 여건,합계출산율,log1p_인구1인당_실질예산_전년도,False,-0.0031568888498769345,0.007532868149406019,-0.41908192036068775,0.6807284411950358,-0.01912585595813776,0.01281207825838389,136,17,8,111.0,16.0,True,True,True
기본모형(F_t-1),4-2. 사회적 가치관,합계출산율,log1p_인구1인당_실질예산_전년도,False,0.002463048534013786,0.003613871426338445,0.6815540021879898,0.5052673923774956,-0.005198016653385357,0.01012411372141293,136,17,8,111.0,16.0,True,True,True
강건성체크_2년시차(F_t-2),1-1. 고용여건,합계출산율,log1p_인구1인당_실질예산_전전년도,False,-0.001378812424524506,0.0020506777004147643,-0.6723691510594918,0.5109426126355426,-0.005726054948628621,0.0029684300995796095,119,17,7,95.0,16.0,True,True,True
강건성체크_2년시차(F_t-2),1-2. 주거안정성,합계출산율,log1p_인구1인당_실질예산_전전년도,False,-0.0007130617491083562,0.002266214949161423,-0.31464877123514406,0.7570943283073337,-0.005517222829010082,0.00409109933079337,119,17,7,95.0,16.0,True,True,True
강건성체크_2년시차(F_t-2),1-3. 경제적 여건,합계출산율,log1p_인구1인당_실질예산_전전년도,False,0.0044959378052151985,0.005282994826714396,0.8510206715480196,0.40731438021679917,-0.006703510923695123,0.01569538653412552,119,17,7,95.0,16.0,True,True,True
강건성체크_2년시차(F_t-2),2-1. 돌봄 여건,합계출산율,log1p_인구1인당_실질예산_전전년도,False,0.0007190395028164598,0.005152347934598979,0.1395556961493177,0.890752634413908,-0.010203450187171602,0.011641529192804522,119,17,7,95.0,16.0,True,True,True
강건성체크_2년시차(F_t-2),2-2. 여가 인프라,합계출산율,log1p_인구1인당_실질예산_전전년도,False,-0.002936164858890873,0.004575562242238424,-0.6417058065096856,0.5301508862809402,-0.012635923503128794,0.006763593785347048,119,17,7,95.0,16.0,True,True,True
강건성체크_2년시차(F_t-2),2-3. 가사수행 격차,합계출산율,log1p_인구1인당_실질예산_전전년도,False,0.010189065130026629,0.005182257149878155,1.9661442563239444,0.06687939630651316,-0.0007968292639273077,0.021174959523980567,119,17,7,95.0,16.0,True,True,True
강건성체크_2년시차(F_t-2),3-1. 의료서비스 여건,합계출산율,log1p_인구1인당_실질예산_전전년도,False,0.001691038611011969,0.0063586255673154886,0.2659440461008147,0.793678795105344,-0.011788645424903892,0.01517072264692783,119,17,7,95.0,16.0,True,True,True
강건성체크_2년시차(F_t-2),3-2. 산후조리 여건,합계출산율,log1p_인구1인당_실질예산_전전년도,False,0.0012530437162196692,0.007101778787778242,0.17644082611754766,0.8621616222928106,-0.013802054769888524,0.01630814220232786,119,17,7,95.0,16.0,True,True,True
강건성체크_2년시차(F_t-2),3-3. 아동안전 수준,합계출산율,log1p_인구1인당_실질예산_전전년도,False,0.0030274515724210103,0.002722952639009698,1.1118267461023688,0.28264039221570914,-0.0027449501565441478,0.00879985330138617,119,17,7,95.0,16.0,True,True,True
강건성체크_2년시차(F_t-2),4-1. 일·가정 양립 여건,합계출산율,log1p_인구1인당_실질예산_전전년도,False,-0.0042409772007414165,0.0045793992479453115,-0.9260990298332825,0.3681534734823756,-0.01394886993371051,0.005466915532227678,119,17,7,95.0,16.0,True,True,True
강건성체크_2년시차(F_t-2),4-2. 사회적 가치관,합계출산율,log1p_인구1인당_실질예산_전전년도,False,-0.0012865129220216744,0.004120789240594957,-0.3122006118022014,0.7589199164787211,-0.010022195870132852,0.007449170026089504,119,17,7,95.0,16.0,True,True,True
강건성체크_S통제(F_t-1+S_t-1),1-1. 고용여건,합계출산율,log1p_인구1인당_실질예산_전년도,False,-0.0001583238145486535,0.0027165348447326446,-0.05828153276062078,0.9542460681027067,-0.005917120427416575,0.005600472798319268,136,17,8,110.0,16.0,True,True,True
강건성체크_S통제(F_t-1+S_t-1),1-2. 주거안정성,합계출산율,log1p_인구1인당_실질예산_전년도,False,-0.0012463360540750086,0.001556202268444975,-0.800883072430168,0.43493155055399,-0.004545337489611648,0.0020526653814616313,136,17,8,110.0,16.0,True,True,True
강건성체크_S통제(F_t-1+S_t-1),1-3. 경제적 여건,합계출산율,log1p_인구1인당_실질예산_전년도,False,0.004361123456351661,0.005374127131444104,0.8115035892684149,0.4289843285511211,-0.0070315171282854146,0.015753764040988737,136,17,8,110.0,16.0,True,True,True
강건성체크_S통제(F_t-1+S_t-1),2-1. 돌봄 여건,합계출산율,log1p_인구1인당_실질예산_전년도,False,-0.005711754038448633,0.008271389852440138,-0.6905434443721222,0.49974831661364894,-0.023246317218561394,0.011822809141664128,136,17,8,110.0,16.0,True,True,True
강건성체크_S통제(F_t-1+S_t-1),2-2. 여가 인프라,합계출산율,log1p_인구1인당_실질예산_전년도,False,0.0003800068001936826,0.0034370749627991646,0.11056110335289396,0.9133393552014547,-0.006906266627264963,0.0076662802276523286,136,17,8,110.0,16.0,True,True,True
강건성체크_S통제(F_t-1+S_t-1),2-3. 가사수행 격차,합계출산율,log1p_인구1인당_실질예산_전년도,False,0.00893641819267867,0.004478289207526937,1.9954982312573024,0.06330464649062713,-0.0005571308298030382,0.018429967215160378,136,17,8,110.0,16.0,True,True,True
강건성체크_S통제(F_t-1+S_t-1),3-1. 의료서비스 여건,합계출산율,log1p_인구1인당_실질예산_전년도,False,0.0005906729747299196,0.005618548297726834,0.10512910870035513,0.9175800299576707,-0.011320117335551754,0.012501463285011595,136,17,8,110.0,16.0,True,True,True
강건성체크_S통제(F_t-1+S_t-1),3-2. 산후조리 여건,합계출산율,log1p_인구1인당_실질예산_전년도,False,-0.0028196285751641566,0.006963458433126634,-0.40491784394814384,0.6908999870720749,-0.017581501008456242,0.011942243858127928,136,17,8,110.0,16.0,True,True,True
강건성체크_S통제(F_t-1+S_t-1),3-3. 아동안전 수준,합계출산율,log1p_인구1인당_실질예산_전년도,False,0.00545162925895187,0.00523292743287535,1.041793399370025,0.31299430255352456,-0.00564168133644086,0.0165449398543446,136,17,8,110.0,16.0,True,True,True
강건성체크_S통제(F_t-1+S_t-1),4-1. 일·가정 양립 여건,합계출산율,log1p_인구1인당_실질예산_전년도,False,-0.00433713462023997,0.008694844214319897,-0.4988168290694575,0.6246964596577335,-0.022769380946079984,0.014095111705600044,136,17,8,110.0,16.0,True,True,True
강건성체크_S통제(F_t-1+S_t-1),4-2. 사회적 가치관,합계출산율,log1p_인구1인당_실질예산_전년도,False,0.0028431812878507556,0.0034823335235291417,0.8164586386226892,0.42622743183115186,-0.004539036002334495,0.010225398578036006,136,17,8,110.0,16.0,True,True,True
