지역,기준연도,세부영역,구조환경지수_t,구조환경지수_t1,구조환경_t1연도,구조환경지수_변화_t_t1,예산_t2연도,예산_t3연도,계획예산비중_t2_pct,계획예산비중_t3_pct,계획예산비중_변화_t2_t3_pp,예산누락주의_두연도,후행예산비중_증가,대응방향
강원,2018,1-1. 고용여건,50.90431493157741,50.733167507063655,2019.0,-0.1711474245137552,2020,2021.0,1.4145096560272616,2.3399908857255936,0.925481229698332,False,True,하락 후 비중 증가
강원,2019,1-1. 고용여건,50.733167507063655,17.85045562488118,2020.0,-32.88271188218248,2021,2022.0,2.3399908857255936,3.803994682398384,1.4640037966727903,False,True,하락 후 비중 증가
경기,2018,1-1. 고용여건,64.24411321518893,60.98292079828625,2019.0,-3.2611924169026807,2020,2021.0,0.4733135083301505,0.7387579421731713,0.2654444338430207,True,True,하락 후 비중 증가
경기,2019,1-1. 고용여건,60.98292079828625,36.4286269524752,2020.0,-24.554293845811053,2021,2022.0,0.7387579421731713,0.846190216852106,0.1074322746789347,False,True,하락 후 비중 증가
경남,2017,1-1. 고용여건,63.31837975092025,62.62292498277899,2018.0,-0.6954547681412606,2019,2020.0,2.0088658118752427,2.6411471698169464,0.6322813579417037,False,True,하락 후 비중 증가
경남,2018,1-1. 고용여건,62.62292498277899,61.28970695891622,2019.0,-1.33321802386277,2020,2021.0,2.6411471698169464,2.793627327323027,0.1524801575060808,False,True,하락 후 비중 증가
경남,2019,1-1. 고용여건,61.28970695891622,40.94228636433678,2020.0,-20.34742059457944,2021,2022.0,2.793627327323027,1.0644572000490626,-1.7291701272739646,False,False,하락 후 비중 비증가
경북,2017,1-1. 고용여건,66.35533187676613,59.13290707805685,2018.0,-7.222424798709277,2019,2020.0,0.510424184268775,0.3654614725694186,-0.1449627116993564,False,False,하락 후 비중 비증가
경북,2018,1-1. 고용여건,59.13290707805685,54.63965938969621,2019.0,-4.49324768836064,2020,2021.0,0.3654614725694186,0.4721996923716982,0.1067382198022796,False,True,하락 후 비중 증가
경북,2019,1-1. 고용여건,54.63965938969621,42.018043356963815,2020.0,-12.621616032732398,2021,2022.0,0.4721996923716982,0.844076022017359,0.3718763296456608,False,True,하락 후 비중 증가
광주,2016,1-1. 고용여건,45.139930320521344,43.30903830219649,2017.0,-1.8308920183248532,2018,2019.0,0.1545088160723843,3.4302394513381538,3.2757306352657696,False,True,하락 후 비중 증가
광주,2019,1-1. 고용여건,50.35357623956299,32.551209901850314,2020.0,-17.802366337712677,2021,2022.0,2.9648070420108503,1.443231497455299,-1.5215755445555512,False,False,하락 후 비중 비증가
광주,2021,1-1. 고용여건,41.966403114875035,41.49283031064778,2022.0,-0.4735728042272527,2023,2024.0,1.7305072793578704,0.8945371267960647,-0.8359701525618057,False,False,하락 후 비중 비증가
대구,2017,1-1. 고용여건,43.8237068441426,34.854586514359895,2018.0,-8.969120329782704,2019,2020.0,1.3324665411026004,1.2531491988168704,-0.07931734228573,False,False,하락 후 비중 비증가
대구,2019,1-1. 고용여건,43.762554712648466,28.074666220261825,2020.0,-15.68788849238664,2021,2022.0,0.9158016094338796,3.7356521105122824,2.819850501078403,False,True,하락 후 비중 증가
대구,2021,1-1. 고용여건,47.01627168834379,44.52673850806789,2022.0,-2.489533180275899,2023,2024.0,6.11407964302456,3.636541730651349,-2.477537912373211,False,False,하락 후 비중 비증가
대전,2017,1-1. 고용여건,63.4871989489427,52.007516544713525,2018.0,-11.479682404229171,2019,2020.0,0.0186837311411088,1.9096758888592351,1.8909921577181263,False,True,하락 후 비중 증가
대전,2019,1-1. 고용여건,62.0470591022824,43.694723102326115,2020.0,-18.35233599995628,2021,2022.0,1.819812480614651,0.9126977542344052,-0.9071147263802456,False,False,하락 후 비중 비증가
부산,2019,1-1. 고용여건,57.14759518905328,28.03034654147526,2020.0,-29.117248647578016,2021,2022.0,2.045676533803641,1.7822849805333754,-0.2633915532702657,False,False,하락 후 비중 비증가
부산,2021,1-1. 고용여건,49.54690374883625,17.91692799418812,2022.0,-31.62997575464813,2023,2024.0,1.601804058947353,0.7952069512383009,-0.8065971077090521,False,False,하락 후 비중 비증가
서울,2019,1-1. 고용여건,63.94418440830728,38.81939133648364,2020.0,-25.12479307182364,2021,2022.0,2.073902138531446,1.996679953612996,-0.0772221849184497,False,False,하락 후 비중 비증가
세종,2019,1-1. 고용여건,68.9567020168363,42.096361147250725,2020.0,-26.860340869585578,2021,2022.0,0.6650861135490637,1.5749399940512836,0.90985388050222,False,True,하락 후 비중 증가
세종,2021,1-1. 고용여건,67.39463520493493,60.98034326904357,2022.0,-6.414291935891356,2023,2024.0,1.0299793062084517,0.5178796112255876,-0.5120996949828641,False,False,하락 후 비중 비증가
울산,2017,1-1. 고용여건,61.32604617463638,56.79554768228354,2018.0,-4.530498492352841,2019,2020.0,2.431380903260528,0.4326146795796839,-1.998766223680844,False,False,하락 후 비중 비증가
울산,2018,1-1. 고용여건,56.79554768228354,56.34786275481655,2019.0,-0.4476849274669874,2020,2021.0,0.4326146795796839,0.9209035388057808,0.4882888592260969,False,True,하락 후 비중 증가
울산,2019,1-1. 고용여건,56.34786275481655,31.720440056670853,2020.0,-24.6274226981457,2021,2022.0,0.9209035388057808,1.0255770669839015,0.1046735281781207,False,True,하락 후 비중 증가
인천,2018,1-1. 고용여건,56.60203659825561,51.77890835789267,2019.0,-4.823128240362941,2020,2021.0,0.5130006264053385,1.0272216925019502,0.5142210660966117,False,True,하락 후 비중 증가
인천,2019,1-1. 고용여건,51.77890835789267,31.612206263804257,2020.0,-20.16670209408841,2021,2022.0,1.0272216925019502,0.9596247535766208,-0.0675969389253293,True,False,하락 후 비중 비증가
전남,2016,1-1. 고용여건,34.359471316463186,34.117370892018776,2017.0,-0.2421004244444091,2018,2019.0,0.0604535472757665,1.4202791477935586,1.359825600517792,False,True,하락 후 비중 증가
전남,2019,1-1. 고용여건,39.45009124717041,21.18397408830136,2020.0,-18.266117158869054,2021,2022.0,1.473307143850768,0.29137224205048,-1.181934901800288,False,False,하락 후 비중 비증가
전남,2021,1-1. 고용여건,31.603016743557134,31.114019053499728,2022.0,-0.4889976900574062,2023,2024.0,1.2787551218231608,1.4915137615553695,0.2127586397322087,False,True,하락 후 비중 증가
전북,2016,1-1. 고용여건,44.60891934686857,38.96284001900104,2017.0,-5.646079327867525,2018,2019.0,0.0200707632506166,0.1732503910838129,0.1531796278331963,False,True,하락 후 비중 증가
전북,2017,1-1. 고용여건,38.96284001900104,33.85894673231954,2018.0,-5.1038932866815045,2019,2020.0,0.1732503910838129,0.0863059421789822,-0.0869444489048307,False,False,하락 후 비중 비증가
전북,2019,1-1. 고용여건,35.05819993737266,25.313380504572745,2020.0,-9.744819432799918,2021,2022.0,2.915421046133919,2.710151637178456,-0.2052694089554632,False,False,하락 후 비중 비증가
전북,2021,1-1. 고용여건,47.86505723723836,33.040973014917476,2022.0,-14.824084222320884,2023,2024.0,2.1976619465080014,1.462232926788799,-0.7354290197192024,False,False,하락 후 비중 비증가
제주,2017,1-1. 고용여건,53.876566358163245,51.332216167545056,2018.0,-2.5443501906181893,2019,2020.0,0.4151882568913849,0.1757630689334182,-0.2394251879579667,False,False,하락 후 비중 비증가
제주,2018,1-1. 고용여건,51.332216167545056,47.16003071741051,2019.0,-4.172185450134549,2020,2021.0,0.1757630689334182,1.19160158634179,1.0158385174083715,False,True,하락 후 비중 증가
제주,2019,1-1. 고용여건,47.16003071741051,28.720146569471197,2020.0,-18.43988414793931,2021,2022.0,1.19160158634179,0.9320303379105502,-0.2595712484312397,False,False,하락 후 비중 비증가
충남,2018,1-1. 고용여건,84.3077201389788,80.79951873567651,2019.0,-3.50820140330228,2020,2021.0,0.2425164449446969,3.0999158841659527,2.857399439221256,False,True,하락 후 비중 증가
충남,2019,1-1. 고용여건,80.79951873567651,53.5951680486653,2020.0,-27.204350687011218,2021,2022.0,3.0999158841659527,3.040930059568443,-0.0589858245975096,False,False,하락 후 비중 비증가
충북,2018,1-1. 고용여건,78.56041795199486,75.48478000061841,2019.0,-3.07563795137645,2020,2021.0,1.922651180024127,1.9579270154809751,0.035275835456848,False,True,하락 후 비중 증가
충북,2019,1-1. 고용여건,75.48478000061841,50.55266500751272,2020.0,-24.932114993105692,2021,2022.0,1.9579270154809751,2.084263249355894,0.126336233874919,False,True,하락 후 비중 증가
강원,2016,1-2. 주거안정성,88.02802305891036,87.62740200113974,2017.0,-0.4006210577706213,2018,2019.0,4.360661953901573,5.55688735807505,1.196225404173477,False,True,하락 후 비중 증가
강원,2017,1-2. 주거안정성,87.62740200113974,86.35916719518048,2018.0,-1.268234805959267,2019,2020.0,5.55688735807505,5.233935795900767,-0.3229515621742829,False,False,하락 후 비중 비증가
강원,2019,1-2. 주거안정성,87.64560718463683,87.44301532492295,2020.0,-0.2025918597138769,2021,2022.0,4.261101099860238,5.724190075031849,1.463088975171611,False,True,하락 후 비중 증가
강원,2020,1-2. 주거안정성,87.44301532492295,83.01881852185461,2021.0,-4.424196803068341,2022,2023.0,5.724190075031849,3.3833987374631316,-2.3407913375687177,False,False,하락 후 비중 비증가
강원,2021,1-2. 주거안정성,83.01881852185461,81.88132875587625,2022.0,-1.1374897659783585,2023,2024.0,3.3833987374631316,0.9705091363921438,-2.412889601070988,False,False,하락 후 비중 비증가
경기,2019,1-2. 주거안정성,55.682748661292074,50.864946035119026,2020.0,-4.817802626173048,2021,2022.0,0.069333687614999,0.128923036246124,0.059589348631125,False,True,하락 후 비중 증가
경기,2020,1-2. 주거안정성,50.864946035119026,41.315325404904094,2021.0,-9.549620630214932,2022,2023.0,0.128923036246124,0.0815113078828776,-0.0474117283632464,False,False,하락 후 비중 비증가
경남,2016,1-2. 주거안정성,80.30541135600616,79.6420842314167,2017.0,-0.6633271245894576,2018,2019.0,0.0,0.2522341139486418,0.2522341139486418,False,True,하락 후 비중 증가
경남,2019,1-2. 주거안정성,84.02422102121884,80.2175650951705,2020.0,-3.806655926048336,2021,2022.0,0.2481886420386156,0.1477051263211106,-0.100483515717505,False,False,하락 후 비중 비증가
경남,2020,1-2. 주거안정성,80.2175650951705,77.49671282681227,2021.0,-2.720852268358229,2022,2023.0,0.1477051263211106,0.1462808679982095,-0.0014242583229011,False,False,하락 후 비중 비증가
경북,2017,1-2. 주거안정성,91.18696414170492,89.9930336169655,2018.0,-1.1939305247394143,2019,2020.0,0.0407658423454963,0.2350258849650314,0.1942600426195351,False,True,하락 후 비중 증가
경북,2018,1-2. 주거안정성,89.9930336169655,89.6363499880756,2019.0,-0.3566836288899111,2020,2021.0,0.2350258849650314,0.0762570156454393,-0.1587688693195921,False,False,하락 후 비중 비증가
경북,2019,1-2. 주거안정성,89.6363499880756,88.59256623537671,2020.0,-1.0437837526988858,2021,2022.0,0.0762570156454393,0.2218038254948199,0.1455468098493806,False,True,하락 후 비중 증가
경북,2020,1-2. 주거안정성,88.59256623537671,85.20718851714483,2021.0,-3.3853777182318794,2022,2023.0,0.2218038254948199,0.0045203365243778,-0.217283488970442,False,False,하락 후 비중 비증가
경북,2021,1-2. 주거안정성,85.20718851714483,81.50998041717651,2022.0,-3.6972080999683214,2023,2024.0,0.0045203365243778,0.1182463116947177,0.1137259751703399,False,True,하락 후 비중 증가
광주,2017,1-2. 주거안정성,82.58646072840226,82.36208118676946,2018.0,-0.2243795416327998,2019,2020.0,3.355057631735918,3.465488907148726,0.1104312754128078,False,True,하락 후 비중 증가
광주,2018,1-2. 주거안정성,82.36208118676946,78.16075933317184,2019.0,-4.201321853597619,2020,2021.0,3.465488907148726,0.8555405892535809,-2.609948317895145,False,False,하락 후 비중 비증가
광주,2020,1-2. 주거안정성,79.3983129602208,77.71111136759416,2021.0,-1.68720159262665,2022,2023.0,0.281424113947487,0.1651409581444072,-0.1162831558030798,False,False,하락 후 비중 비증가
광주,2021,1-2. 주거안정성,77.71111136759416,75.64522650528646,2022.0,-2.0658848623076977,2023,2024.0,0.1651409581444072,0.9046098356375664,0.7394688774931591,False,True,하락 후 비중 증가
대구,2016,1-2. 주거안정성,75.31960441996247,74.82782332094489,2017.0,-0.4917810990175866,2018,2019.0,0.0228083901699985,0.0176680646334046,-0.0051403255365938,False,False,하락 후 비중 비증가
대구,2017,1-2. 주거안정성,74.82782332094489,74.0670840482319,2018.0,-0.760739272712982,2019,2020.0,0.0176680646334046,0.0322370156608666,0.0145689510274619,False,True,하락 후 비중 증가
대구,2018,1-2. 주거안정성,74.0670840482319,71.72376784548727,2019.0,-2.3433162027446315,2020,2021.0,0.0322370156608666,0.0330389096697726,0.0008018940089059,False,True,하락 후 비중 증가
대구,2019,1-2. 주거안정성,71.72376784548727,67.73489830982449,2020.0,-3.9888695356627863,2021,2022.0,0.0330389096697726,0.7772933343213285,0.7442544246515559,False,True,하락 후 비중 증가
대구,2020,1-2. 주거안정성,67.73489830982449,62.4342812327859,2021.0,-5.300617077038588,2022,2023.0,0.7772933343213285,0.4233742961068552,-0.3539190382144733,False,False,하락 후 비중 비증가
대전,2017,1-2. 주거안정성,74.46581326449808,72.08575718213372,2018.0,-2.380056082364362,2019,2020.0,0.4253468167593068,0.2436383541267448,-0.181708462632562,False,False,하락 후 비중 비증가
대전,2019,1-2. 주거안정성,72.57402023826289,69.34322570488463,2020.0,-3.2307945333782584,2021,2022.0,0.2595674871729715,0.2343719335311334,-0.0251955536418381,False,False,하락 후 비중 비증가
대전,2020,1-2. 주거안정성,69.34322570488463,64.44560313202976,2021.0,-4.897622572854871,2022,2023.0,0.2343719335311334,0.3255221116150609,0.0911501780839275,False,True,하락 후 비중 증가
대전,2021,1-2. 주거안정성,64.44560313202976,64.31863363312482,2022.0,-0.1269694989049412,2023,2024.0,0.3255221116150609,0.6660303635875563,0.3405082519724954,False,True,하락 후 비중 증가
부산,2016,1-2. 주거안정성,79.64133253057524,73.77280913319944,2017.0,-5.868523397375796,2018,2019.0,0.0252815778437718,1.0971274797429174,1.0718459018991455,False,True,하락 후 비중 증가
부산,2019,1-2. 주거안정성,75.46201657004897,72.50203260843242,2020.0,-2.959983961616558,2021,2022.0,0.5313294102666886,0.6879662560091052,0.1566368457424166,False,True,하락 후 비중 증가
부산,2020,1-2. 주거안정성,72.50203260843242,68.8016074066189,2021.0,-3.700425201813516,2022,2023.0,0.6879662560091052,1.3281473818147542,0.640181125805649,False,True,하락 후 비중 증가
부산,2021,1-2. 주거안정성,68.8016074066189,65.94497877435974,2022.0,-2.8566286322591594,2023,2024.0,1.3281473818147542,0.6260667683634265,-0.7020806134513278,False,False,하락 후 비중 비증가
서울,2016,1-2. 주거안정성,29.359514535810344,27.073185303562425,2017.0,-2.286329232247919,2018,2019.0,3.881663882411462,0.6596065992146339,-3.222057283196828,False,False,하락 후 비중 비증가
서울,2017,1-2. 주거안정성,27.073185303562425,26.61206447690597,2018.0,-0.4611208266564546,2019,2020.0,0.6596065992146339,0.94554607648322,0.285939477268586,False,True,하락 후 비중 증가
서울,2018,1-2. 주거안정성,26.61206447690597,24.001627298898757,2019.0,-2.6104371780072135,2020,2021.0,0.94554607648322,9.287919446328988,8.342373369845768,False,True,하락 후 비중 증가
서울,2019,1-2. 주거안정성,24.001627298898757,22.223662376868432,2020.0,-1.7779649220303249,2021,2022.0,9.287919446328988,11.644114119529034,2.3561946732000454,False,True,하락 후 비중 증가
서울,2020,1-2. 주거안정성,22.223662376868432,2.2364196527922076,2021.0,-19.987242724076225,2022,2023.0,11.644114119529034,8.538022724058273,-3.106091395470761,False,False,하락 후 비중 비증가
세종,2018,1-2. 주거안정성,68.20612630240582,63.67437818487245,2019.0,-4.531748117533368,2020,2021.0,0.0205384905642353,0.0108283086181938,-0.0097101819460415,False,False,하락 후 비중 비증가
세종,2019,1-2. 주거안정성,63.67437818487245,58.518707156096795,2020.0,-5.155671028775657,2021,2022.0,0.0108283086181938,0.4137297760930767,0.4029014674748829,False,True,하락 후 비중 증가
세종,2020,1-2. 주거안정성,58.518707156096795,45.630992024150885,2021.0,-12.88771513194591,2022,2023.0,0.4137297760930767,0.3071096833755687,-0.106620092717508,False,False,하락 후 비중 비증가
울산,2017,1-2. 주거안정성,76.54332027592987,71.90842977407229,2018.0,-4.6348905018575834,2019,2020.0,0.6365766695071086,0.2568271676535495,-0.379749501853559,False,False,하락 후 비중 비증가
울산,2020,1-2. 주거안정성,76.63701850741349,76.62435130201375,2021.0,-0.0126672053997367,2022,2023.0,0.5651813334527228,0.3113263920550896,-0.2538549413976332,False,False,하락 후 비중 비증가
울산,2021,1-2. 주거안정성,76.62435130201375,72.83375995175973,2022.0,-3.7905913502540183,2023,2024.0,0.3113263920550896,1.1261991935857627,0.8148728015306731,False,True,하락 후 비중 증가
인천,2016,1-2. 주거안정성,75.60841975077088,71.90506000674462,2017.0,-3.7033597440262582,2018,2019.0,0.5099320847231557,0.5906487170093636,0.0807166322862079,False,True,하락 후 비중 증가
인천,2017,1-2. 주거안정성,71.90506000674462,71.35634659075347,2018.0,-0.5487134159911449,2019,2020.0,0.5906487170093636,3.028325832159578,2.437677115150214,False,True,하락 후 비중 증가
인천,2019,1-2. 주거안정성,71.46854557493884,67.2230896469717,2020.0,-4.245455927967143,2021,2022.0,11.411463412907542,14.974185073167751,3.562721660260209,False,True,하락 후 비중 증가
인천,2020,1-2. 주거안정성,67.2230896469717,63.70120891643926,2021.0,-3.5218807305324376,2022,2023.0,14.974185073167751,0.1537236291533627,-14.820461444014388,False,False,하락 후 비중 비증가
인천,2021,1-2. 주거안정성,63.70120891643926,62.414162741051335,2022.0,-1.2870461753879283,2023,2024.0,0.1537236291533627,0.9652071326754734,0.8114835035221107,False,True,하락 후 비중 증가
전남,2016,1-2. 주거안정성,98.29760773669004,92.36484775426337,2017.0,-5.932759982426674,2018,2019.0,0.2505544609983575,0.3462892066705143,0.0957347456721568,False,True,하락 후 비중 증가
전남,2017,1-2. 주거안정성,92.36484775426337,90.54817640294044,2018.0,-1.816671351322924,2019,2020.0,0.3462892066705143,0.1672744104378362,-0.1790147962326781,False,False,하락 후 비중 비증가
전남,2019,1-2. 주거안정성,93.43116626409568,91.77530160427916,2020.0,-1.6558646598165154,2021,2022.0,0.2754790928252256,0.4020545598928043,0.1265754670675787,False,True,하락 후 비중 증가
전남,2020,1-2. 주거안정성,91.77530160427916,87.0554365668962,2021.0,-4.719865037382959,2022,2023.0,0.4020545598928043,0.2517542232803339,-0.1503003366124704,False,False,하락 후 비중 비증가
전북,2017,1-2. 주거안정성,92.45000292516876,90.13797793082568,2018.0,-2.3120249943430764,2019,2020.0,0.2864106102374373,5.125146093367968,4.83873548313053,False,True,하락 후 비중 증가
전북,2018,1-2. 주거안정성,90.13797793082568,88.57186392600019,2019.0,-1.5661140048254936,2020,2021.0,5.125146093367968,0.1928147638259207,-4.932331329542047,False,False,하락 후 비중 비증가
전북,2020,1-2. 주거안정성,89.40775720472303,82.97241336471453,2021.0,-6.4353438400085,2022,2023.0,0.5293224943640673,1.0361667765485272,0.5068442821844599,False,True,하락 후 비중 증가
제주,2016,1-2. 주거안정성,83.30706068226566,76.52453796522435,2017.0,-6.782522717041303,2018,2019.0,0.0135629756083446,0.0798159878679698,0.0662530122596252,False,True,하락 후 비중 증가
제주,2017,1-2. 주거안정성,76.52453796522435,68.69965271894529,2018.0,-7.824885246279067,2019,2020.0,0.0798159878679698,0.0869629121552104,0.0071469242872406,False,True,하락 후 비중 증가
제주,2019,1-2. 주거안정성,72.45033430129348,71.48322889123288,2020.0,-0.9671054100605972,2021,2022.0,2.2472229082743564,2.1535036773639717,-0.0937192309103847,False,False,하락 후 비중 비증가
제주,2020,1-2. 주거안정성,71.48322889123288,70.44987318109007,2021.0,-1.033355710142814,2022,2023.0,2.1535036773639717,3.7932667620533738,1.639763084689402,False,True,하락 후 비중 증가
제주,2021,1-2. 주거안정성,70.44987318109007,64.14510527509168,2022.0,-6.304767905998389,2023,2024.0,3.7932667620533738,0.995561700762379,-2.7977050612909946,False,False,하락 후 비중 비증가
충남,2019,1-2. 주거안정성,83.45732407622386,82.72479779294063,2020.0,-0.7325262832832209,2021,2022.0,0.0704689577457595,0.0861432882020887,0.0156743304563292,False,True,하락 후 비중 증가
충남,2020,1-2. 주거안정성,82.72479779294063,77.17658919855958,2021.0,-5.548208594381052,2022,2023.0,0.0861432882020887,0.2257512249837653,0.1396079367816766,False,True,하락 후 비중 증가
충남,2021,1-2. 주거안정성,77.17658919855958,76.87568290630382,2022.0,-0.3009062922557604,2023,2024.0,0.2257512249837653,0.0,-0.2257512249837653,False,False,하락 후 비중 비증가
충북,2016,1-2. 주거안정성,86.97873223065204,85.32684018090265,2017.0,-1.6518920497493923,2018,2019.0,0.0034933438011073,2.0855137078932504,2.082020364092143,False,True,하락 후 비중 증가
충북,2019,1-2. 주거안정성,86.68709132795546,82.27842177880973,2020.0,-4.408669549145728,2021,2022.0,3.0952018881965007,0.4349902021285936,-2.6602116860679073,False,False,하락 후 비중 비증가
충북,2020,1-2. 주거안정성,82.27842177880973,79.03203675208212,2021.0,-3.2463850267276086,2022,2023.0,0.4349902021285936,0.2404630713997734,-0.1945271307288201,False,False,하락 후 비중 비증가
충북,2021,1-2. 주거안정성,79.03203675208212,75.8475577536619,2022.0,-3.184478998420218,2023,2024.0,0.2404630713997734,0.8325069665996974,0.592043895199924,False,True,하락 후 비중 증가
제주,2017,1-3. 경제적 여건,26.59558102336024,25.83385927298013,2018.0,-0.7617217503801079,2019,2020.0,1.2014482973798588,1.0898535103620597,-0.1115947870177991,False,False,하락 후 비중 비증가
제주,2018,1-3. 경제적 여건,25.83385927298013,24.687652711795224,2019.0,-1.1462065611849075,2020,2021.0,1.0898535103620597,0.626957022855472,-0.4628964875065877,False,False,하락 후 비중 비증가
광주,2020,2-1. 돌봄 여건,67.56876358715141,65.99964859116675,2021.0,-1.5691149959846626,2022,2023.0,9.477023058750584,6.681304098780605,-2.795718959969979,True,False,하락 후 비중 비증가
광주,2021,2-1. 돌봄 여건,65.99964859116675,65.96673400953738,2022.0,-0.0329145816293703,2023,2024.0,6.681304098780605,16.73874697113645,10.057442872355846,False,True,하락 후 비중 증가
대구,2020,2-1. 돌봄 여건,38.28803558637625,35.794464969952,2021.0,-2.4935706164242504,2022,2023.0,32.05772718573134,29.422807621330705,-2.634919564400633,False,False,하락 후 비중 비증가
대전,2018,2-1. 돌봄 여건,37.86641099136974,37.86548542041528,2019.0,-0.0009255709544575,2020,2021.0,41.72122482771002,40.63109353921352,-1.0901312884964938,False,False,하락 후 비중 비증가
대전,2020,2-1. 돌봄 여건,42.32425872608473,41.617015504181715,2021.0,-0.7072432219030134,2022,2023.0,34.63782605737428,24.450154784577823,-10.18767127279646,False,False,하락 후 비중 비증가
대전,2021,2-1. 돌봄 여건,41.617015504181715,40.869648149125126,2022.0,-0.7473673550565891,2023,2024.0,24.450154784577823,32.109464014078206,7.659309229500384,False,True,하락 후 비중 증가
부산,2020,2-1. 돌봄 여건,35.4358127304756,35.371803145349084,2021.0,-0.064009585126513,2022,2023.0,28.85480486854508,30.24209676227744,1.3872918937323604,False,True,하락 후 비중 증가
서울,2021,2-1. 돌봄 여건,30.746143687045983,30.61479702646165,2022.0,-0.1313466605843345,2023,2024.0,24.258483035852596,42.1936538863702,17.935170850517604,False,True,하락 후 비중 증가
세종,2016,2-1. 돌봄 여건,22.57255227082832,22.35164950845801,2017.0,-0.2209027623703114,2018,2019.0,63.619525887171456,34.278436064687945,-29.34108982248351,False,False,하락 후 비중 비증가
세종,2018,2-1. 돌봄 여건,26.433569711686264,26.23024622155572,2019.0,-0.2033234901305434,2020,2021.0,26.72344205996284,30.19274389340385,3.469301833441012,False,True,하락 후 비중 증가
세종,2020,2-1. 돌봄 여건,32.18257088272893,32.12534778476271,2021.0,-0.0572230979662222,2022,2023.0,24.51035491702924,34.76525578342801,10.25490086639877,False,True,하락 후 비중 증가
세종,2021,2-1. 돌봄 여건,32.12534778476271,31.795104234652428,2022.0,-0.330243550110282,2023,2024.0,34.76525578342801,32.44375961146873,-2.321496171959282,False,False,하락 후 비중 비증가
울산,2021,2-1. 돌봄 여건,38.22960934171101,37.01620334590769,2022.0,-1.2134059958033203,2023,2024.0,12.824324206807187,30.589618732438733,17.765294525631546,False,True,하락 후 비중 증가
인천,2021,2-1. 돌봄 여건,37.381776166670235,35.52426390932854,2022.0,-1.857512257341696,2023,2024.0,30.406023560629254,27.09829985788023,-3.3077237027490227,False,False,하락 후 비중 비증가
제주,2017,2-1. 돌봄 여건,50.453032878268544,50.401862489118145,2018.0,-0.0511703891503998,2019,2020.0,51.28554532459712,54.30111214541179,3.0155668208146693,False,True,하락 후 비중 증가
충남,2018,2-1. 돌봄 여건,52.500156307701594,52.08238999841209,2019.0,-0.4177663092895045,2020,2021.0,59.43477388288757,44.86246981326923,-14.57230406961834,True,False,하락 후 비중 비증가
충북,2017,2-1. 돌봄 여건,52.2836628326616,50.769995724709155,2018.0,-1.5136671079524433,2019,2020.0,43.20919345941071,32.00963926735557,-11.199554192055146,False,False,하락 후 비중 비증가
경기,2019,2-2. 여가 인프라,22.52047056880382,19.750589618345725,2020.0,-2.769880950458095,2021,2022.0,0.4624236075811833,0.619257025906694,0.1568334183255106,False,True,하락 후 비중 증가
경기,2020,2-2. 여가 인프라,19.750589618345725,17.667350365765323,2021.0,-2.0832392525804018,2022,2023.0,0.619257025906694,0.5224814601252282,-0.0967755657814657,False,False,하락 후 비중 비증가
경남,2019,2-2. 여가 인프라,29.599955431036825,29.419184348013967,2020.0,-0.1807710830228579,2021,2022.0,0.4024004090379808,0.5287133864115553,0.1263129773735745,False,True,하락 후 비중 증가
경남,2020,2-2. 여가 인프라,29.419184348013967,28.85256442904647,2021.0,-0.566619918967497,2022,2023.0,0.5287133864115553,0.374767680248924,-0.1539457061626313,False,False,하락 후 비중 비증가
경북,2019,2-2. 여가 인프라,29.84333331288233,29.073489922283812,2020.0,-0.7698433905985169,2021,2022.0,0.0240428369409985,0.3917690134663374,0.3677261765253389,False,True,하락 후 비중 증가
경북,2020,2-2. 여가 인프라,29.073489922283812,26.742467329603173,2021.0,-2.3310225926806396,2022,2023.0,0.3917690134663374,0.4146087883560827,0.0228397748897453,False,True,하락 후 비중 증가
광주,2019,2-2. 여가 인프라,22.21855370443669,21.76896795112929,2020.0,-0.4495857533073994,2021,2022.0,0.3874910168844379,0.5770859227662464,0.1895949058818085,False,True,하락 후 비중 증가
광주,2020,2-2. 여가 인프라,21.76896795112929,19.673147021728077,2021.0,-2.0958209294012136,2022,2023.0,0.5770859227662464,0.1983979447672542,-0.3786879779989922,False,False,하락 후 비중 비증가
부산,2017,2-2. 여가 인프라,8.00415688847064,7.096130111010664,2018.0,-0.9080267774599752,2019,2020.0,0.1342354696043775,0.0349710587302014,-0.099264410874176,False,False,하락 후 비중 비증가
서울,2019,2-2. 여가 인프라,22.37908527959588,22.073603771084137,2020.0,-0.3054815085117432,2021,2022.0,0.0975017970294426,0.0936745235870158,-0.0038272734424267,False,False,하락 후 비중 비증가
세종,2016,2-2. 여가 인프라,50.10878965176204,45.363396972832696,2017.0,-4.745392678929342,2018,2019.0,0.0544189110489483,0.147439113821452,0.0930202027725037,False,True,하락 후 비중 증가
세종,2019,2-2. 여가 인프라,57.967582881742835,49.59109588856163,2020.0,-8.376486993181203,2021,2022.0,2.143435195422475,3.7616121021795825,1.6181769067571077,False,True,하락 후 비중 증가
세종,2020,2-2. 여가 인프라,49.59109588856163,40.74370408542411,2021.0,-8.84739180313752,2022,2023.0,3.7616121021795825,1.5616119176142162,-2.2000001845653663,False,False,하락 후 비중 비증가
울산,2021,2-2. 여가 인프라,29.325340473092268,29.06337982533183,2022.0,-0.2619606477604392,2023,2024.0,0.0871800860433596,0.2639345253852383,0.1767544393418787,False,True,하락 후 비중 증가
전북,2020,2-2. 여가 인프라,33.35734739494906,33.142073684062005,2021.0,-0.2152737108870539,2022,2023.0,0.1924436960697854,0.0742027196038762,-0.1182409764659092,False,False,하락 후 비중 비증가
제주,2016,2-2. 여가 인프라,60.93407237666027,60.76318356587757,2017.0,-0.1708888107826993,2018,2019.0,0.2227492694077139,0.4048847384575197,0.1821354690498058,False,True,하락 후 비중 증가
제주,2017,2-2. 여가 인프라,60.76318356587757,58.86057790339065,2018.0,-1.90260566248692,2019,2020.0,0.4048847384575197,0.1316691979814805,-0.2732155404760392,False,False,하락 후 비중 비증가
제주,2018,2-2. 여가 인프라,58.86057790339065,55.62953692228711,2019.0,-3.23104098110354,2020,2021.0,0.1316691979814805,0.2369008990594934,0.1052317010780129,False,True,하락 후 비중 증가
충남,2019,2-2. 여가 인프라,30.244381420257056,29.75684230231171,2020.0,-0.4875391179453459,2021,2022.0,0.6552894813708168,0.7388166695661041,0.0835271881952873,False,True,하락 후 비중 증가
충북,2019,2-2. 여가 인프라,26.91818806931011,26.61272022961751,2020.0,-0.3054678396926,2021,2022.0,4.309894782419206,4.039064490582282,-0.2708302918369236,False,False,하락 후 비중 비증가
충북,2020,2-2. 여가 인프라,26.61272022961751,26.558556994453447,2021.0,-0.0541632351640615,2022,2023.0,4.039064490582282,5.111000185586935,1.0719356950046528,False,True,하락 후 비중 증가
경기,2020,2-3. 가사수행 격차,44.9982584465343,44.89194075400972,2021.0,-0.1063176925245841,2022,2023.0,0.0055818542079796,0.004012889433419,-0.0015689647745606,False,False,하락 후 비중 비증가
경기,2021,2-3. 가사수행 격차,44.89194075400972,44.785623061485126,2022.0,-0.1063176925245912,2023,2024.0,0.004012889433419,0.0045798918725875,0.0005670024391684,False,True,하락 후 비중 증가
경남,2020,2-3. 가사수행 격차,27.965367965367964,26.993746993746985,2021.0,-0.9716209716209788,2022,2023.0,0.0,0.0,0.0,False,False,하락 후 비중 비증가
경남,2021,2-3. 가사수행 격차,26.993746993746985,26.022126022126024,2022.0,-0.9716209716209612,2023,2024.0,0.0,7.423645945538648e-05,7.423645945538648e-05,False,True,하락 후 비중 증가
부산,2020,2-3. 가사수행 격차,22.33965268448028,21.908079149458462,2021.0,-0.431573535021819,2022,2023.0,0.0025282221363727,0.0004863566536716,-0.0020418654827011,False,False,하락 후 비중 비증가
부산,2021,2-3. 가사수행 격차,21.908079149458462,21.476505614436668,2022.0,-0.4315735350217942,2023,2024.0,0.0004863566536716,0.0004378089289254,-4.854772474619998e-05,False,False,하락 후 비중 비증가
서울,2020,2-3. 가사수행 격차,33.00144300144299,31.643528884908186,2021.0,-1.3579141165348076,2022,2023.0,0.0,0.0,0.0,False,False,하락 후 비중 비증가
서울,2021,2-3. 가사수행 격차,31.643528884908186,30.28561476837339,2022.0,-1.357914116534797,2023,2024.0,0.0,0.0011082190243034,0.0011082190243034,False,True,하락 후 비중 증가
강원,2017,3-1. 의료서비스 여건,29.602522458370306,29.56325256845751,2018.0,-0.039269889912795,2019,2020.0,0.4761573536407685,0.5235219931954307,0.0473646395546621,False,True,하락 후 비중 증가
강원,2018,3-1. 의료서비스 여건,29.56325256845751,28.607719605248487,2019.0,-0.9555329632090236,2020,2021.0,0.5235219931954307,0.4650616940865429,-0.0584602991088877,False,False,하락 후 비중 비증가
경기,2018,3-1. 의료서비스 여건,31.273649930033148,31.088683960367693,2019.0,-0.1849659696654555,2020,2021.0,1.719223777649668,0.3773862718771988,-1.3418375057724692,True,False,하락 후 비중 비증가
경기,2020,3-1. 의료서비스 여건,32.86464674556255,32.417330946117225,2021.0,-0.4473157994453274,2022,2023.0,0.397674558736466,0.3516284191364522,-0.0460461396000138,False,False,하락 후 비중 비증가
경남,2018,3-1. 의료서비스 여건,35.1418723973094,32.74518990164722,2019.0,-2.3966824956621764,2020,2021.0,0.7424841560869176,0.4430750872295074,-0.2994090688574102,False,False,하락 후 비중 비증가
경남,2019,3-1. 의료서비스 여건,32.74518990164722,32.60108642839666,2020.0,-0.1441034732505599,2021,2022.0,0.4430750872295074,0.4506088882221309,0.0075338009926235,False,True,하락 후 비중 증가
경북,2018,3-1. 의료서비스 여건,23.72369534347041,21.743477550484265,2019.0,-1.9802177929861455,2020,2021.0,0.4604164643567375,0.4589859767098573,-0.0014304876468801,False,False,하락 후 비중 비증가
경북,2020,3-1. 의료서비스 여건,22.80914137869747,19.301334896287617,2021.0,-3.507806482409851,2022,2023.0,0.4257918433810565,0.585412932741502,0.1596210893604454,False,True,하락 후 비중 증가
경북,2021,3-1. 의료서비스 여건,19.301334896287617,14.892547612462208,2022.0,-4.40878728382541,2023,2024.0,0.585412932741502,0.4508571380749677,-0.1345557946665342,False,False,하락 후 비중 비증가
광주,2017,3-1. 의료서비스 여건,53.00822586442532,52.926918952921945,2018.0,-0.0813069115033755,2019,2020.0,0.2127700640332197,1.3090591618734593,1.0962890978402395,False,True,하락 후 비중 증가
광주,2018,3-1. 의료서비스 여건,52.926918952921945,52.83179260252096,2019.0,-0.0951263504009816,2020,2021.0,1.3090591618734593,0.2776626912401786,-1.0313964706332808,False,False,하락 후 비중 비증가
광주,2019,3-1. 의료서비스 여건,52.83179260252096,51.271556978930555,2020.0,-1.5602356235904082,2021,2022.0,0.2776626912401786,0.273960806152062,-0.0037018850881166,True,False,하락 후 비중 비증가
광주,2021,3-1. 의료서비스 여건,53.267036525193575,52.74465192790742,2022.0,-0.5223845972861554,2023,2024.0,0.2744722802607936,0.559397958221627,0.2849256779608333,False,True,하락 후 비중 증가
대구,2017,3-1. 의료서비스 여건,42.68340294647537,41.876961496521,2018.0,-0.8064414499543702,2019,2020.0,0.2370465338315123,0.3163062806724579,0.0792597468409456,False,True,하락 후 비중 증가
대전,2018,3-1. 의료서비스 여건,76.4521638203912,75.75274470246913,2019.0,-0.6994191179220763,2020,2021.0,0.4322977901840992,0.4273558570846677,-0.0049419330994314,False,False,하락 후 비중 비증가
대전,2019,3-1. 의료서비스 여건,75.75274470246913,71.81256466741875,2020.0,-3.940180035050375,2021,2022.0,0.4273558570846677,0.4084215826629543,-0.0189342744217134,False,False,하락 후 비중 비증가
대전,2021,3-1. 의료서비스 여건,74.00180524559265,72.67566589857492,2022.0,-1.3261393470177296,2023,2024.0,0.0517039393165917,0.3098398305843052,0.2581358912677135,False,True,하락 후 비중 증가
부산,2018,3-1. 의료서비스 여건,60.37196651206336,56.17812764180724,2019.0,-4.193838870256123,2020,2021.0,0.2858926978025469,0.4080057247701995,0.1221130269676525,False,True,하락 후 비중 증가
부산,2019,3-1. 의료서비스 여건,56.17812764180724,53.73503966338807,2020.0,-2.4430879784191646,2021,2022.0,0.4080057247701995,0.3173300658232719,-0.0906756589469275,False,False,하락 후 비중 비증가
서울,2021,3-1. 의료서비스 여건,56.3567676746562,53.08158358368327,2022.0,-3.275184090972928,2023,2024.0,1.3533481376143877,3.296315397492511,1.9429672598781231,False,True,하락 후 비중 증가
세종,2016,3-1. 의료서비스 여건,13.598146847710444,9.567778576811095,2017.0,-4.0303682708993485,2018,2019.0,0.4382154416046895,4.632367131112741,4.194151689508051,False,True,하락 후 비중 증가
세종,2018,3-1. 의료서비스 여건,28.121551057856287,23.06200177904267,2019.0,-5.059549278813616,2020,2021.0,2.8285800260791065,0.3322581012845794,-2.496321924794527,False,False,하락 후 비중 비증가
울산,2017,3-1. 의료서비스 여건,35.13000027860628,34.47442845945281,2018.0,-0.6555718191534723,2019,2020.0,3.8819684262456833,1.4744379153987923,-2.407530510846891,False,False,하락 후 비중 비증가
울산,2019,3-1. 의료서비스 여건,34.64175305250671,34.55801912304294,2020.0,-0.0837339294637686,2021,2022.0,1.0321687303905325,3.8613120478922425,2.82914331750171,False,True,하락 후 비중 증가
인천,2019,3-1. 의료서비스 여건,32.240289234019734,27.851461563233535,2020.0,-4.388827670786199,2021,2022.0,0.3570695814048157,15.90212521632244,15.545055634917626,True,True,하락 후 비중 증가
인천,2021,3-1. 의료서비스 여건,28.479950721469123,28.16011827164385,2022.0,-0.3198324498252738,2023,2024.0,18.17112164487017,16.79542166786335,-1.3756999770068177,False,False,하락 후 비중 비증가
전남,2017,3-1. 의료서비스 여건,10.16253438977978,9.93097807328394,2018.0,-0.2315563164958405,2019,2020.0,0.4799617744497773,0.4885129907947463,0.008551216344969,False,True,하락 후 비중 증가
전남,2019,3-1. 의료서비스 여건,11.917822185015226,9.396500834406178,2020.0,-2.521321350609048,2021,2022.0,0.3160554290582547,0.259954259100037,-0.0561011699582176,True,False,하락 후 비중 비증가
전남,2021,3-1. 의료서비스 여건,10.3472577905818,8.407393057652016,2022.0,-1.9398647329297845,2023,2024.0,0.2077304179791156,0.1293369943852259,-0.0783934235938897,False,False,하락 후 비중 비증가
전북,2018,3-1. 의료서비스 여건,47.1237777347055,45.65825886859021,2019.0,-1.4655188661152891,2020,2021.0,1.8009800827486706,1.0390270359021032,-0.7619530468465674,False,False,하락 후 비중 비증가
전북,2019,3-1. 의료서비스 여건,45.65825886859021,45.12044369179129,2020.0,-0.5378151767989223,2021,2022.0,1.0390270359021032,1.5584098064420857,0.5193827705399825,False,True,하락 후 비중 증가
전북,2020,3-1. 의료서비스 여건,45.12044369179129,44.16968881201424,2021.0,-0.950754879777044,2022,2023.0,1.5584098064420857,1.464205164583487,-0.0942046418585986,False,False,하락 후 비중 비증가
전북,2021,3-1. 의료서비스 여건,44.16968881201424,41.51222734278776,2022.0,-2.657461469226483,2023,2024.0,1.464205164583487,1.512639092898599,0.048433928315112,False,True,하락 후 비중 증가
제주,2018,3-1. 의료서비스 여건,27.22952052828397,26.758102239548418,2019.0,-0.4714182887355527,2020,2021.0,1.3917740434079662,0.1523035738111662,-1.2394704695968,False,False,하락 후 비중 비증가
제주,2020,3-1. 의료서비스 여건,28.256499169615843,28.01253704667603,2021.0,-0.2439621229398128,2022,2023.0,0.2417956745513447,0.2817729962559887,0.0399773217046439,False,True,하락 후 비중 증가
충남,2017,3-1. 의료서비스 여건,38.59929561779702,37.51157774553992,2018.0,-1.0877178722571017,2019,2020.0,0.2596123446581872,0.4749982105991476,0.2153858659409603,True,True,하락 후 비중 증가
충남,2018,3-1. 의료서비스 여건,37.51157774553992,33.752694050006966,2019.0,-3.758883695532951,2020,2021.0,0.4749982105991476,0.7337390685328571,0.2587408579337095,True,True,하락 후 비중 증가
충남,2019,3-1. 의료서비스 여건,33.752694050006966,31.720782483254855,2020.0,-2.031911566752111,2021,2022.0,0.7337390685328571,0.4714485389834372,-0.2622905295494199,False,False,하락 후 비중 비증가
충남,2021,3-1. 의료서비스 여건,33.00496871612401,30.494482183516936,2022.0,-2.510486532607075,2023,2024.0,0.7407166892968888,1.3937827448451907,0.6530660555483019,False,True,하락 후 비중 증가
충북,2016,3-1. 의료서비스 여건,33.31959238327993,33.089153394420414,2017.0,-0.2304389888595182,2018,2019.0,0.9398014125979172,0.4277576308656357,-0.5120437817322815,False,False,하락 후 비중 비증가
충북,2017,3-1. 의료서비스 여건,33.089153394420414,32.12842579248667,2018.0,-0.9607276019337476,2019,2020.0,0.4277576308656357,0.2094211179492337,-0.2183365129164019,False,False,하락 후 비중 비증가
충북,2018,3-1. 의료서비스 여건,32.12842579248667,31.293176481733937,2019.0,-0.8352493107527295,2020,2021.0,0.2094211179492337,0.2311261469478162,0.0217050289985824,False,True,하락 후 비중 증가
충북,2019,3-1. 의료서비스 여건,31.293176481733937,27.605929794371445,2020.0,-3.687246687362492,2021,2022.0,0.2311261469478162,0.2481444538588339,0.0170183069110177,False,True,하락 후 비중 증가
충북,2021,3-1. 의료서비스 여건,29.647817179441404,28.868275975158276,2022.0,-0.7795412042831273,2023,2024.0,0.2646747002344368,0.30369260334261,0.0390179031081732,False,True,하락 후 비중 증가
강원,2021,3-3. 아동안전 수준,59.332718658733015,58.54926671652524,2022.0,-0.7834519422077761,2023,2024.0,0.0712265901229618,0.0005905495536035,-0.0706360405693583,False,False,하락 후 비중 비증가
경기,2020,3-3. 아동안전 수준,74.25428824790757,70.4425400577412,2021.0,-3.8117481901663695,2022,2023.0,0.0664147330480937,0.0552281030542565,-0.0111866299938371,False,False,하락 후 비중 비증가
경기,2021,3-3. 아동안전 수준,70.4425400577412,68.83975568278068,2022.0,-1.602784374960521,2023,2024.0,0.0552281030542565,0.058040904584356,0.0028128015300994,False,True,하락 후 비중 증가
광주,2020,3-3. 아동안전 수준,72.98206087498771,65.14442950335754,2021.0,-7.837631371630167,2022,2023.0,0.0165340972698645,0.0061284373383624,-0.010405659931502,False,False,하락 후 비중 비증가
광주,2021,3-3. 아동안전 수준,65.14442950335754,59.33611490540024,2022.0,-5.808314597957306,2023,2024.0,0.0061284373383624,0.0028203584756204,-0.003308078862742,False,False,하락 후 비중 비증가
대구,2016,3-3. 아동안전 수준,31.21134023927024,28.821809417907797,2017.0,-2.3895308213624418,2018,2019.0,0.0770647122410556,0.1154653326522822,0.0384006204112266,False,True,하락 후 비중 증가
대구,2018,3-3. 아동안전 수준,31.99576473487752,29.734984346735075,2019.0,-2.260780388142443,2020,2021.0,0.0489774594847571,0.1912560099625019,0.1422785504777448,False,True,하락 후 비중 증가
대전,2020,3-3. 아동안전 수준,76.71817449806296,76.12148905518136,2021.0,-0.5966854428816077,2022,2023.0,0.303703909546428,0.1193608345932078,-0.1843430749532202,False,False,하락 후 비중 비증가
부산,2020,3-3. 아동안전 수준,81.77348553019358,80.07519617750934,2021.0,-1.6982893526842415,2022,2023.0,0.1421934013167239,0.1672603691817558,0.0250669678650319,False,True,하락 후 비중 증가
세종,2020,3-3. 아동안전 수준,100.0,93.12061631169352,2021.0,-6.879383688306476,2022,2023.0,0.0,0.0,0.0,False,False,하락 후 비중 비증가
세종,2021,3-3. 아동안전 수준,93.12061631169352,82.45456136985874,2022.0,-10.666054941834789,2023,2024.0,0.0,0.264714284845943,0.264714284845943,False,True,하락 후 비중 증가
울산,2020,3-3. 아동안전 수준,87.17973323297979,85.64213661714149,2021.0,-1.5375966158382963,2022,2023.0,0.001918759713721,0.0021119507840927,0.0001931910703717,False,True,하락 후 비중 증가
울산,2021,3-3. 아동안전 수준,85.64213661714149,82.47352616617002,2022.0,-3.168610450971471,2023,2024.0,0.0021119507840927,0.0045560126405785,0.0024440618564858,False,True,하락 후 비중 증가
전남,2020,3-3. 아동안전 수준,60.64034266210704,59.116283152208645,2021.0,-1.5240595098983931,2022,2023.0,0.2016116358361384,0.0018804137942731,-0.1997312220418653,False,False,하락 후 비중 비증가
전남,2021,3-3. 아동안전 수준,59.116283152208645,55.83913099662709,2022.0,-3.277152155581554,2023,2024.0,0.0018804137942731,0.0005339775645512,-0.0013464362297219,False,False,하락 후 비중 비증가
전북,2021,3-3. 아동안전 수준,70.52573995757314,68.99269906090923,2022.0,-1.5330408966639055,2023,2024.0,0.0308683313552125,0.02738630230775,-0.0034820290474625,False,False,하락 후 비중 비증가
제주,2020,3-3. 아동안전 수준,59.50079635926041,48.46459017123534,2021.0,-11.03620618802507,2022,2023.0,0.7241824256377005,0.5822909759854826,-0.1418914496522179,False,False,하락 후 비중 비증가
제주,2021,3-3. 아동안전 수준,48.46459017123534,47.44567966364062,2022.0,-1.0189105075947251,2023,2024.0,0.5822909759854826,0.5612806135700427,-0.0210103624154399,False,False,하락 후 비중 비증가
충남,2018,3-3. 아동안전 수준,59.889757605938755,59.2959678055697,2019.0,-0.593789800369052,2020,2021.0,0.0065962227502319,0.0491606772042897,0.0425644544540578,False,True,하락 후 비중 증가
충북,2021,3-3. 아동안전 수준,60.06094713502119,59.33859599560993,2022.0,-0.7223511394112592,2023,2024.0,0.0,0.0083277852481431,0.0083277852481431,False,True,하락 후 비중 증가
강원,2017,4-1. 일·가정 양립 여건,32.77511961722488,27.903828503036024,2018.0,-4.871291114188857,2019,2020.0,0.0183830150877354,0.0184510075061131,6.79924183776999e-05,False,True,하락 후 비중 증가
강원,2020,4-1. 일·가정 양립 여건,50.00614610844014,48.68214740304379,2021.0,-1.323998705396349,2022,2023.0,0.1082115877256622,0.0069404244050137,-0.1012711633206484,False,False,하락 후 비중 비증가
경기,2017,4-1. 일·가정 양립 여건,29.361103292991828,23.029136006012884,2018.0,-6.331967286978944,2019,2020.0,0.0310356678743807,0.0255246997946122,-0.0055109680797684,False,False,하락 후 비중 비증가
경기,2020,4-1. 일·가정 양립 여건,37.81813085297097,34.54718703428592,2021.0,-3.2709438186850477,2022,2023.0,0.0313490995467597,0.0515082440865638,0.0201591445398041,False,True,하락 후 비중 증가
경남,2017,4-1. 일·가정 양립 여건,19.589079650999167,16.792269854332247,2018.0,-2.7968097966669205,2019,2020.0,0.1083677722440041,0.1256108489944691,0.0172430767504649,False,True,하락 후 비중 증가
경남,2020,4-1. 일·가정 양립 여건,32.93303852230283,31.113255454279106,2021.0,-1.8197830680237248,2022,2023.0,0.106839640435445,0.0618663291797202,-0.0449733112557248,False,False,하락 후 비중 비증가
경북,2017,4-1. 일·가정 양립 여건,18.173374613003087,16.59984982011859,2018.0,-1.5735247928844984,2019,2020.0,0.2125647493729452,0.1339874257372992,-0.078577323635646,False,False,하락 후 비중 비증가
경북,2020,4-1. 일·가정 양립 여건,36.173990559761705,33.42337582934511,2021.0,-2.7506147304165935,2022,2023.0,0.0760300017008435,0.0941638933130133,0.0181338916121698,True,True,하락 후 비중 증가
광주,2017,4-1. 일·가정 양립 여건,28.90796509991557,25.352284454451645,2018.0,-3.5556806454639265,2019,2020.0,0.0833617486298619,0.1966926869350863,0.1133309383052244,False,True,하락 후 비중 증가
광주,2020,4-1. 일·가정 양립 여건,41.822147125262184,41.7550636977134,2021.0,-0.0670834275487806,2022,2023.0,0.0583286209242445,0.0134825621443974,-0.0448460587798471,True,False,하락 후 비중 비증가
대구,2017,4-1. 일·가정 양립 여건,26.194764987334647,19.762053647026963,2018.0,-6.432711340307684,2019,2020.0,0.0284274629678497,0.0327552956554142,0.0043278326875644,False,True,하락 후 비중 증가
대구,2020,4-1. 일·가정 양립 여건,40.931496379835664,35.22610024767871,2021.0,-5.705396132156956,2022,2023.0,0.0172370819958084,0.0136105787203237,-0.0036265032754846,False,False,하락 후 비중 비증가
대전,2018,4-1. 일·가정 양립 여건,43.771271282057626,42.12756824524415,2019.0,-1.643703036813477,2020,2021.0,0.3915845389023932,0.3458906797110602,-0.045693859191333,False,False,하락 후 비중 비증가
대전,2020,4-1. 일·가정 양립 여건,58.88866395513767,56.37789711223377,2021.0,-2.510766842903905,2022,2023.0,0.0211247946913191,0.0322331520423056,0.0111083573509864,False,True,하락 후 비중 증가
부산,2017,4-1. 일·가정 양립 여건,29.84238671545172,26.473090397079904,2018.0,-3.3692963183718163,2019,2020.0,0.0601485776781857,0.0439284575702612,-0.0162201201079244,False,False,하락 후 비중 비증가
부산,2020,4-1. 일·가정 양립 여건,45.74721316218803,41.97717239653847,2021.0,-3.770040765649562,2022,2023.0,0.0341182696048694,0.0304088707748055,-0.0037093988300638,False,False,하락 후 비중 비증가
서울,2017,4-1. 일·가정 양립 여건,46.97438784126091,39.074502162562936,2018.0,-7.899885678697977,2019,2020.0,0.0865368647551702,0.1788389306983419,0.0923020659431717,False,True,하락 후 비중 증가
서울,2020,4-1. 일·가정 양립 여건,54.40673070828132,49.369600861791106,2021.0,-5.037129846490217,2022,2023.0,0.0785155445007143,0.1159751534388683,0.037459608938154,False,True,하락 후 비중 증가
세종,2020,4-1. 일·가정 양립 여건,70.71582700065672,66.31524750228262,2021.0,-4.4005794983741,2022,2023.0,0.6834971536083115,0.6964921040153492,0.0129949504070376,False,True,하락 후 비중 증가
울산,2017,4-1. 일·가정 양립 여건,15.826062482409236,14.764674953133609,2018.0,-1.0613875292756276,2019,2020.0,0.0678342377898372,0.2885656835682865,0.2207314457784492,False,True,하락 후 비중 증가
울산,2020,4-1. 일·가정 양립 여건,27.988592075814463,27.42530380202843,2021.0,-0.5632882737860321,2022,2023.0,0.0317661330382707,0.0041617853686534,-0.0276043476696173,False,False,하락 후 비중 비증가
인천,2017,4-1. 일·가정 양립 여건,25.29974669293555,22.22425795453089,2018.0,-3.0754887384046583,2019,2020.0,0.0715852770139675,0.0276632184199377,-0.0439220585940298,False,False,하락 후 비중 비증가
인천,2020,4-1. 일·가정 양립 여건,41.07351551305128,34.86107443605722,2021.0,-6.212441076994054,2022,2023.0,0.0311117939981418,0.0609837218796016,0.0298719278814597,False,True,하락 후 비중 증가
전남,2020,4-1. 일·가정 양립 여건,40.71688521141061,36.86383984560074,2021.0,-3.853045365809877,2022,2023.0,0.0088361693629821,0.0175136578878381,0.008677488524856,True,True,하락 후 비중 증가
전북,2017,4-1. 일·가정 양립 여건,22.74134534196454,21.50674527965577,2018.0,-1.2346000623087685,2019,2020.0,0.0620285645730978,0.0782797868213501,0.0162512222482523,False,True,하락 후 비중 증가
전북,2018,4-1. 일·가정 양립 여건,21.50674527965577,21.162689494794584,2019.0,-0.3440557848611867,2020,2021.0,0.0782797868213501,0.0182269496214507,-0.0600528371998994,False,False,하락 후 비중 비증가
제주,2017,4-1. 일·가정 양립 여건,39.09653813678582,34.931254422777016,2018.0,-4.165283714008801,2019,2020.0,2.444400908451062,0.0783891039145558,-2.366011804536506,False,False,하락 후 비중 비증가
제주,2020,4-1. 일·가정 양립 여건,56.81823955440812,56.68464322720748,2021.0,-0.1335963272006424,2022,2023.0,0.0821316829318426,0.0792673503267908,-0.0028643326050517,False,False,하락 후 비중 비증가
충남,2020,4-1. 일·가정 양립 여건,38.34667507175422,35.81779830269397,2021.0,-2.528876769060247,2022,2023.0,0.0463110156629613,0.0473463604699214,0.00103534480696,False,True,하락 후 비중 증가
충북,2020,4-1. 일·가정 양립 여건,46.622307474243506,46.32683619148994,2021.0,-0.2954712827535672,2022,2023.0,0.033003695030198,0.0159988736792929,-0.0170048213509051,False,False,하락 후 비중 비증가
강원,2020,4-2. 사회적 가치관,63.025729618708944,60.47996702925007,2021.0,-2.5457625894588745,2022,2023.0,0.0883894538979416,0.0281106575063404,-0.0602787963916012,False,False,하락 후 비중 비증가
강원,2021,4-2. 사회적 가치관,60.47996702925007,57.93420443979114,2022.0,-2.5457625894589313,2023,2024.0,0.0281106575063404,0.4191720731478299,0.3910614156414895,False,True,하락 후 비중 증가
경기,2020,4-2. 사회적 가치관,47.97797612339636,43.257337031313575,2021.0,-4.720639092082784,2022,2023.0,0.0372651705308003,0.0156201517702458,-0.0216450187605545,False,False,하락 후 비중 비증가
경기,2021,4-2. 사회적 가치관,43.257337031313575,38.53669793923081,2022.0,-4.720639092082763,2023,2024.0,0.0156201517702458,0.0221687025238677,0.0065485507536219,True,True,하락 후 비중 증가
경남,2020,4-2. 사회적 가치관,64.5020984539899,54.55779833089615,2021.0,-9.944300123093754,2022,2023.0,0.01470435805599,0.0154087992975642,0.0007044412415742,False,True,하락 후 비중 증가
경남,2021,4-2. 사회적 가치관,54.55779833089615,44.61349820780233,2022.0,-9.944300123093818,2023,2024.0,0.0154087992975642,0.0123479977560792,-0.0030608015414849,False,False,하락 후 비중 비증가
경북,2016,4-2. 사회적 가치관,60.070866111372666,57.49659176312784,2017.0,-2.5742743482448276,2018,2019.0,0.0650498024986682,0.0803221487093131,0.0152723462106449,False,True,하락 후 비중 증가
경북,2017,4-2. 사회적 가치관,57.49659176312784,54.92231741488304,2018.0,-2.574274348244799,2019,2020.0,0.0803221487093131,0.1337984981770379,0.0534763494677247,False,True,하락 후 비중 증가
경북,2018,4-2. 사회적 가치관,54.92231741488304,49.71995961107984,2019.0,-5.202357803803203,2020,2021.0,0.1337984981770379,0.0156889433827912,-0.1181095547942467,False,False,하락 후 비중 비증가
경북,2019,4-2. 사회적 가치관,49.71995961107984,44.517601807276584,2020.0,-5.2023578038032525,2021,2022.0,0.0156889433827912,0.0775792023624594,0.0618902589796682,False,True,하락 후 비중 증가
대구,2016,4-2. 사회적 가치관,41.84296720109421,41.42472875592035,2017.0,-0.4182384451738627,2018,2019.0,0.0276465335393921,0.0282009493187035,0.0005544157793113,False,True,하락 후 비중 증가
대구,2017,4-2. 사회적 가치관,41.42472875592035,41.00649031074651,2018.0,-0.4182384451738414,2019,2020.0,0.0282009493187035,0.0277279797083016,-0.0004729696104018,False,False,하락 후 비중 비증가
대구,2020,4-2. 사회적 가치관,47.1974059050227,43.26395930182932,2021.0,-3.9334466031933815,2022,2023.0,0.016107755934014,0.0066754882007037,-0.0094322677333102,False,False,하락 후 비중 비증가
대구,2021,4-2. 사회적 가치관,43.26395930182932,39.33051269863595,2022.0,-3.9334466031933673,2023,2024.0,0.0066754882007037,0.0051257961660449,-0.0015496920346587,False,False,하락 후 비중 비증가
대전,2016,4-2. 사회적 가치관,47.661077300812465,45.21278403942595,2017.0,-2.448293261386518,2018,2019.0,0.0110755135530207,0.0706478583773179,0.0595723448242971,False,True,하락 후 비중 증가
대전,2017,4-2. 사회적 가치관,45.21278403942595,42.76449077803942,2018.0,-2.4482932613865245,2019,2020.0,0.0706478583773179,0.0531356015743525,-0.0175122568029653,False,False,하락 후 비중 비증가
부산,2016,4-2. 사회적 가치관,53.08654522860261,52.50486387025011,2017.0,-0.5816813583524976,2018,2019.0,1.47640998178189,0.0246692323196245,-1.4517407494622656,False,False,하락 후 비중 비증가
부산,2017,4-2. 사회적 가치관,52.50486387025011,51.92318251189765,2018.0,-0.581681358352462,2019,2020.0,0.0246692323196245,0.0112468298534935,-0.013422402466131,False,False,하락 후 비중 비증가
부산,2020,4-2. 사회적 가치관,57.499682892989114,48.22730183085562,2021.0,-9.27238106213349,2022,2023.0,0.0221194957632304,0.0381210977115993,0.0160016019483689,False,True,하락 후 비중 증가
부산,2021,4-2. 사회적 가치관,48.22730183085562,38.95492076872214,2022.0,-9.272381062133483,2023,2024.0,0.0381210977115993,0.013738861150566,-0.0243822365610332,False,False,하락 후 비중 비증가
서울,2020,4-2. 사회적 가치관,43.97362114116368,36.56485899665679,2021.0,-7.408762144506895,2022,2023.0,0.0022619715125045,0.0712712599065367,0.0690092883940322,False,True,하락 후 비중 증가
서울,2021,4-2. 사회적 가치관,36.56485899665679,29.156096852149886,2022.0,-7.408762144506902,2023,2024.0,0.0712712599065367,0.0563344670687586,-0.014936792837778,False,False,하락 후 비중 비증가
세종,2020,4-2. 사회적 가치관,55.541512568207786,49.11828546925655,2021.0,-6.423227098951237,2022,2023.0,0.0168604610947021,0.0125607232464445,-0.0042997378482576,False,False,하락 후 비중 비증가
세종,2021,4-2. 사회적 가치관,49.11828546925655,42.69505837030536,2022.0,-6.4232270989511875,2023,2024.0,0.0125607232464445,0.0121567983855771,-0.0004039248608673,False,False,하락 후 비중 비증가
울산,2016,4-2. 사회적 가치관,35.30196041712811,30.855066623460843,2017.0,-4.446893793667265,2018,2019.0,0.0489428244439873,0.0821298829438938,0.0331870584999065,False,True,하락 후 비중 증가
울산,2017,4-2. 사회적 가치관,30.855066623460843,26.408172829793585,2018.0,-4.4468937936672575,2019,2020.0,0.0821298829438938,0.0354800482786693,-0.0466498346652244,False,False,하락 후 비중 비증가
인천,2020,4-2. 사회적 가치관,51.74922072400319,46.32109733377644,2021.0,-5.4281233902267445,2022,2023.0,0.0019767782468133,0.0021185977343305,0.0001418194875171,True,True,하락 후 비중 증가
인천,2021,4-2. 사회적 가치관,46.32109733377644,40.89297394354965,2022.0,-5.428123390226794,2023,2024.0,0.0021185977343305,0.0009531131853678,-0.0011654845489627,False,False,하락 후 비중 비증가
전남,2016,4-2. 사회적 가치관,73.54920886054998,70.14390324643676,2017.0,-3.4053056141132174,2018,2019.0,0.0151133868189416,0.032135950000357,0.0170225631814154,True,True,하락 후 비중 증가
전남,2017,4-2. 사회적 가치관,70.14390324643676,66.73859763232352,2018.0,-3.405305614113246,2019,2020.0,0.032135950000357,0.0334657475900315,0.0013297975896744,False,True,하락 후 비중 증가
전남,2020,4-2. 사회적 가치관,71.51518335792217,70.8136499407579,2021.0,-0.7015334171642706,2022,2023.0,0.0542211434658342,0.0096970358410556,-0.0445241076247786,False,False,하락 후 비중 비증가
전남,2021,4-2. 사회적 가치관,70.8136499407579,70.11211652359364,2022.0,-0.7015334171642564,2023,2024.0,0.0096970358410556,0.0213972438366593,0.0117002079956037,True,True,하락 후 비중 증가
전북,2018,4-2. 사회적 가치관,66.21613531563662,66.16251147756323,2019.0,-0.0536238380733919,2020,2021.0,0.0195699467053375,0.025517729470031,0.0059477827646934,False,True,하락 후 비중 증가
전북,2019,4-2. 사회적 가치관,66.16251147756323,66.10888763948982,2020.0,-0.0536238380734062,2021,2022.0,0.025517729470031,0.0125944827270801,-0.0129232467429509,False,False,하락 후 비중 비증가
전북,2020,4-2. 사회적 가치관,66.10888763948982,62.68532939311024,2021.0,-3.423558246379585,2022,2023.0,0.0125944827270801,0.014951848000181,0.0023573652731008,False,True,하락 후 비중 증가
전북,2021,4-2. 사회적 가치관,62.68532939311024,59.26177114673068,2022.0,-3.4235582463795566,2023,2024.0,0.014951848000181,0.0140075347262854,-0.0009443132738955,False,False,하락 후 비중 비증가
제주,2018,4-2. 사회적 가치관,65.00562341562026,64.02265364163142,2019.0,-0.9829697739888416,2020,2021.0,0.0071040125422566,0.0765066414577992,0.0694026289155426,False,True,하락 후 비중 증가
제주,2019,4-2. 사회적 가치관,64.02265364163142,63.03968386764265,2020.0,-0.9829697739887706,2021,2022.0,0.0765066414577992,0.0546449463773193,-0.0218616950804799,False,False,하락 후 비중 비증가
제주,2020,4-2. 사회적 가치관,63.03968386764265,56.299808104507214,2021.0,-6.739875763135437,2022,2023.0,0.0546449463773193,0.0537422664479751,-0.0009026799293442,False,False,하락 후 비중 비증가
제주,2021,4-2. 사회적 가치관,56.299808104507214,49.55993234137183,2022.0,-6.739875763135387,2023,2024.0,0.0537422664479751,0.0400096252272623,-0.0137326412207127,False,False,하락 후 비중 비증가
충남,2020,4-2. 사회적 가치관,62.05331563821936,55.30765127518557,2021.0,-6.745664363033789,2022,2023.0,0.0691665816831534,0.0625184485506818,-0.0066481331324716,False,False,하락 후 비중 비증가
충남,2021,4-2. 사회적 가치관,55.30765127518557,48.56198691215179,2022.0,-6.745664363033782,2023,2024.0,0.0625184485506818,0.0,-0.0625184485506818,False,False,하락 후 비중 비증가
충북,2018,4-2. 사회적 가치관,64.1625432143189,55.46496771934651,2019.0,-8.69757549497239,2020,2021.0,0.0351443664678813,0.0132398347479021,-0.0219045317199792,False,False,하락 후 비중 비증가
충북,2019,4-2. 사회적 가치관,55.46496771934651,46.767392224374184,2020.0,-8.697575494972327,2021,2022.0,0.0132398347479021,0.0174832703604884,0.0042434356125863,False,True,하락 후 비중 증가
