지역,연도,재정대응지수_z,총액기준_재정대응지수_z,log1인당실질예산_전년변화,계획예산_총세출비율_pct,log1p_계획예산_총세출비율,직전1년_출산율하락도,전년도_합계출산율,원자료_누락주의
강원,2018,-0.14694675435257754,-0.4870166669432641,-0.10121752797500605,10.543671073592122,2.446137327787053,0.1140000000000001,1.123,원자료에 자체사업 상세가 없어 세부사업 합계가 과소대표될 수 있음
강원,2019,0.6978091669504377,-0.04093261727424196,0.42377646792093415,14.445796273203754,2.737336880444897,0.05600000000000005,1.067,
강원,2020,0.5494332754060689,-0.13999927658900424,-0.07443358449184245,12.141637491539663,2.575785624130817,-0.015000000000000124,1.082,
강원,2021,1.1147307329057037,0.14627409461130253,0.2835845879533636,15.23756484977994,2.7873273758166066,0.04600000000000004,1.036,
강원,2022,0.2616212831829041,-0.3505154927604358,-0.42796706153400166,9.558898635191508,2.3569689769290236,0.05700000000000005,0.979,
강원,2023,1.5821046162614973,0.3510609444126718,0.6624277483339274,17.294469554801395,2.906598804052552,0.01100000000000001,0.968,
강원,2024,1.5521734199209993,0.3086771141547449,-0.015015149756226975,17.35656341432644,2.9099871898034504,0.07499999999999996,0.893,
경기,2018,-1.03902579072256,1.5911350201665284,0.21889409872650667,16.32242160171651,2.8520017087026353,0.125,1.069,
경기,2019,-0.6415929159316329,1.8101542228036342,0.19937439403179802,18.39825942188254,2.965183341522637,0.06699999999999995,1.002,
경기,2020,-0.3383948116823616,1.9833043993441002,0.15210100155425899,19.998068720378186,3.0444304677980423,0.05900000000000005,0.943,
경기,2021,-0.4003095338452078,1.9441558958194534,-0.03105986191846455,19.562465009346734,3.0234673268510357,0.06499999999999995,0.878,
경기,2022,-0.6366695128018928,1.7897055037965117,-0.1185712872963709,16.209297409584007,2.8454497848453046,0.025000000000000022,0.853,
경기,2023,-0.09554251055664348,2.0707469300764574,0.27145934574145336,21.10985130363124,3.096023269547384,0.014000000000000012,0.839,
경기,2024,0.10760047511486472,2.174961100492188,0.10190779937712335,22.82683461070401,3.170812450172871,0.07299999999999995,0.766,
경남,2018,-0.5888163060072957,0.2008906599975152,0.15964164224221555,13.01086493812268,2.639833095639733,0.131,1.227,
경남,2019,0.1595201886497556,0.5807620843074852,0.3754071306572637,16.637855950539088,2.870047498437463,0.10499999999999998,1.122,
경남,2020,-0.7668009803932365,0.024075462261567752,-0.46469412439503976,9.060603539025683,2.3086271568109633,0.07600000000000007,1.046,
경남,2021,0.5503084206298255,0.7006166301416747,0.6607351967063604,16.2961078717932,2.8504814976832087,0.10100000000000009,0.945,
경남,2022,0.5973468408265397,0.6668110575132361,0.023597082973738637,15.497074299555704,2.803183050005898,0.041999999999999926,0.903,
경남,2023,0.935518486244703,0.8049155561551948,0.16964567140916742,16.830728472800885,2.880923287619291,0.06500000000000006,0.838,
경남,2024,1.0278073562518464,0.8202508583151904,0.046297220740063594,17.47482757233154,2.916409133764003,0.038999999999999924,0.799,
경북,2018,0.4421959020321405,0.4415698326352925,0.320314229754052,15.01535494286101,2.7735479459663814,0.1399999999999999,1.256,
경북,2019,0.280111037072244,0.3189488032381472,-0.08131076662972347,12.700895642355198,2.617461206051598,0.08899999999999997,1.167,
경북,2020,0.6971642569148415,0.5005985863080251,0.2092170483603546,13.74528545320673,2.690923401402111,0.07800000000000007,1.089,
경북,2021,1.0943282900775502,0.681542083536181,0.19923952814596824,15.910646061190414,2.827943368046448,0.08600000000000008,1.003,
경북,2022,1.1810168785107458,0.677041260069672,0.043487808595180866,15.258294556175473,2.7886032127746927,0.03699999999999992,0.966,
경북,2023,1.2316864694179936,0.6577045774659421,0.025418679791615162,14.093926899323714,2.714292470822177,0.03599999999999992,0.93,
경북,2024,1.5995713268574663,0.826114163487385,0.18455146812918777,16.54597193220526,2.864824404035772,0.07000000000000006,0.86,
광주,2018,1.8108167116354548,0.7325755664099481,0.9469447893249843,68.46016309067046,4.240753395292879,0.11499999999999999,1.053,
광주,2019,-0.34163013019925,-0.4727661141573603,-1.0797868319328288,20.419502512771267,3.064301839389071,0.08099999999999996,0.972,
광주,2020,-3.7562440738570166,-2.3741475101944345,-1.712959921162609,3.249480566309421,1.4467967557749892,0.05899999999999994,0.913,
광주,2021,-0.8911246302244139,-0.8120456427249766,1.4373029740015184,12.5403228369562,2.605672110401967,0.10199999999999998,0.811,
광주,2022,-0.8253650122968518,-0.8092448297791518,0.032988675088761354,11.847243328373656,2.553129261352213,-0.08499999999999996,0.896,
광주,2023,-0.15241646006992024,-0.4702090210414464,0.3375883534682451,16.204589412627566,2.845176174543153,0.052000000000000046,0.844,
광주,2024,-0.12007887031391981,-0.4804165796307005,0.016222330287707365,16.913042032901675,2.8855290527328457,0.138,0.706,
대구,2018,-0.729537001505065,-0.15534886946298326,0.4049592990567934,17.518604073326863,2.9187758523668412,0.119,1.067,
대구,2019,-0.27862769428529083,0.06076526004119417,0.22620114135634317,19.63862901037566,3.027164514491288,0.07999999999999996,0.987,
대구,2020,-0.06858332759630165,0.15246426328154047,0.10536991523522055,19.457413731948797,3.018345346470452,0.05499999999999994,0.932,
대구,2021,0.18193965886556596,0.2507353305948722,0.12567623813995432,21.372877266254054,3.10784938887846,0.125,0.807,
대구,2022,0.4529293533445522,0.36281997320154885,0.1359434751189923,23.10212271417069,3.182299916044014,0.02200000000000002,0.785,
대구,2023,0.5602899303140628,0.4000762280535956,0.05385802567908016,23.18868465885204,3.185884947734364,0.028000000000000025,0.757,
대구,2024,0.6652070625698737,0.43489464203131534,0.052632258159469814,24.392011430417977,3.23443461394219,0.05500000000000005,0.702,
대전,2018,-0.6176789438099537,-0.5648249110622308,0.06242036506105464,21.70719909978517,3.122682015168492,0.11699999999999999,1.075,
대전,2019,-1.3260616266239174,-0.9823736103098725,-0.35536408054555224,13.583204549189777,2.6798704931838198,0.123,0.952,
대전,2020,-0.10979508366086804,-0.3277520519906358,0.6101468206724796,21.89532437778884,3.130932714071101,0.06899999999999995,0.883,
대전,2021,0.01559625266637652,-0.27899282885262133,0.06290325557550602,22.240810655910078,3.145909813299192,0.07799999999999996,0.805,
대전,2022,0.17691625145706877,-0.20986186615794264,0.08092706729664556,22.021687577156925,3.13643670977951,-0.0050000000000000044,0.81,
대전,2023,-0.27256583679471774,-0.47152320389228725,-0.22548516908796223,17.346924174749024,2.9094619405461075,-0.03199999999999992,0.842,
대전,2024,0.3251920549993053,-0.14912138808851846,0.29986854388141104,23.708837932703748,3.207160990675465,0.05499999999999994,0.787,
부산,2018,-0.42086878979041964,0.37507026738804394,-0.39052702912842996,19.983772723487906,3.043749411562718,0.119,0.976,
부산,2019,-0.21435026305342247,0.45488399225548487,0.10360115817341153,20.13382574794342,3.0508748728794925,0.07699999999999996,0.899,
부산,2020,0.47293301461865617,0.8067470357146926,0.34477944756367407,25.368014011756053,3.2721516851193675,0.07200000000000006,0.827,
부산,2021,0.73325844706514,0.9121721624707153,0.1305936892422075,27.364209473671025,3.3451281206094814,0.07999999999999996,0.747,
부산,2022,1.215929433378396,1.1392667452905028,0.24213456288325297,32.620269977316774,3.515129158207501,0.019000000000000017,0.728,
부산,2023,0.8772136725928842,0.9187676335841308,-0.16991862988474793,25.681358806018327,3.2839651495113538,0.0050000000000000044,0.723,
부산,2024,1.095570870867713,1.009059084242303,0.10954009305704027,27.838864890067576,3.3617239527679503,0.05899999999999994,0.664,
서울,2018,-0.9748298555745593,1.395450421782993,0.20876255200271565,18.484583598840747,2.9696235682179943,0.10399999999999998,0.836,
서울,2019,-0.9613810058005267,1.3910712299423853,0.006746689678182705,16.21657296705661,2.8458724645046027,0.07499999999999996,0.761,
서울,2020,-0.7067473803361585,1.5202002102759202,0.12773836287142792,16.595958235432768,2.867669229957444,0.04400000000000004,0.717,
서울,2021,-0.46758730308319085,1.6242621379394575,0.1199759720531226,18.48071796018102,2.9694251538073395,0.07499999999999996,0.642,
서울,2022,-0.42828890990287494,1.6280236519868612,0.019714255723989993,17.71574029107411,2.9293648966026122,0.016000000000000014,0.626,
서울,2023,-0.38256747642298383,1.6406685393595906,0.02293640932223795,17.390519355813776,2.9118352794253815,0.03300000000000003,0.593,
서울,2024,-1.4707901425951073,1.026393562824121,-0.5459129035409322,10.174960618937941,2.413675616461024,0.040999999999999925,0.552,
세종,2018,-2.0785128244048434,-3.047924516640675,0.029577813365911254,7.360433105893096,2.1235102326796893,0.15300000000000002,1.668,
세종,2019,-1.7741237762710325,-2.8172276498505675,0.15269844512364372,8.82111883040134,2.28453504972583,0.10199999999999987,1.566,
세종,2020,-0.8509841038180908,-2.2942687787996072,0.4630981090802795,13.765244612439623,2.692276082105022,0.09400000000000008,1.472,
세종,2021,-1.2797402813864922,-2.517020382038453,-0.2150879016615299,10.533774748999196,2.4452796656977873,0.19500000000000006,1.277,
세종,2022,-0.8171701140957861,-2.2698397921172937,0.23205087613672504,13.056550195794742,2.64308849324584,0.0,1.277,
세종,2023,-0.19758135081143596,-1.9533289710976007,0.3108201209920356,16.820465597130287,2.8803475494864275,0.15599999999999992,1.121,
세종,2024,-0.15290074077808294,-1.9428796828479218,0.022414274498698816,18.35939990852272,2.9631780849074274,0.15000000000000002,0.971,
울산,2018,-0.1605001246607174,-0.6210621040902268,-0.8428920917387064,21.7364636974506,3.1239699660029743,0.15700000000000003,1.261,
울산,2019,-2.0471691701756694,-1.7012221188830576,-0.9464579342762551,8.003750451855453,2.197641207406685,0.1299999999999999,1.131,
울산,2020,0.5088814189445872,-0.3344982787146582,1.2822568781924666,26.271966032577087,3.3058592893294394,0.04699999999999993,1.084,
울산,2021,0.080447663558988,-0.6244527796473933,-0.2149261567949221,20.098313570220146,3.0491931117058177,0.10000000000000009,0.984,
울산,2022,-0.008354812409422522,-0.7273858473913896,-0.04454825193823986,17.7439962160335,2.9308734993293273,0.04400000000000004,0.94,
울산,2023,2.4563436492541197,0.5954924594439877,1.2364295795202587,57.04046254571779,4.061140397414241,0.09199999999999997,0.848,
울산,2024,0.6069124269391173,-0.452311642461557,-0.9277773748498142,22.02207765202548,3.136453653435904,0.03400000000000003,0.814,
인천,2018,-1.2430511808976372,-0.15011729649876615,0.21445523496856467,14.091770708549264,2.7141496090731376,0.137,1.007,
인천,2019,-0.4459905305813648,0.2710629073198739,0.3998498721249355,18.521180836099347,2.9715000728079097,0.0009999999999998899,1.006,
인천,2020,0.10574393128587373,0.547568011848699,0.2767806363756602,22.031550937537922,3.136865055791644,0.06600000000000006,0.94,
인천,2021,0.44925144792939986,0.7173844504056398,0.17232244064409308,24.83959875152949,3.2519081506022545,0.11099999999999999,0.829,
인천,2022,0.9678594238206115,0.9881142461606323,0.26016255194732096,30.568491611320276,3.4521595222494805,0.050999999999999934,0.778,
인천,2023,0.8870556433004808,0.9369557962319129,-0.04053566224272309,28.25957052187677,3.3762067174896133,0.031000000000000028,0.747,
인천,2024,0.995495705360112,0.9916404746415404,0.054399555329395,28.50384821203489,3.3845207027037807,0.05300000000000005,0.694,
전남,2018,0.43593081443168946,-0.012232814747923008,0.3212999542316588,12.49522095317286,2.6023356193016873,0.14100000000000001,1.325,원자료에 자체사업 일부 세부내역이 없어 세부사업 합계가 과소대표될 수 있음
전남,2019,0.35161810769585067,-0.08979173720108495,-0.042295934435422566,10.592706296339761,2.4503761327981817,0.08499999999999996,1.24,
전남,2020,0.764768205476503,0.10057514927147707,0.20725902564685406,11.522673616767532,2.5275408905390337,0.006000000000000005,1.234,
전남,2021,0.9222406609225947,0.14518294044483854,0.07899692595329455,11.77811415825062,2.547733876108832,0.08899999999999997,1.145,
전남,2022,1.1711786965829707,0.24073119561351763,0.12488113882718643,12.208869072889525,2.5808885034302684,0.1280000000000001,1.017,
전남,2023,1.5308504270094851,0.4064871637493969,0.18043130765636306,13.876511733398935,2.6997835754038655,0.04799999999999993,0.969,
전남,2024,1.4710138619051574,0.34360773845803005,-0.030017342966143445,13.6732755770515,2.6860278512833067,-0.0030000000000000027,0.972,
전북,2018,0.34848533469930365,-0.024545148013044474,0.0899245949868277,15.17155109349188,2.7832535931377462,0.09999999999999987,1.151,
전북,2019,0.722651443310137,0.14649135101378732,0.18770249242910353,16.051914945120558,2.836262510919644,0.10699999999999998,1.044,
전북,2020,0.8790902948241431,0.20211226806009014,0.07847841283900614,15.515555446100803,2.8043026911019355,0.07300000000000006,0.971,
전북,2021,1.0590760233518073,0.2688728374881002,0.09029083358655754,15.726050461143132,2.8169674118831063,0.061999999999999944,0.909,
전북,2022,1.315536433766621,0.3702883534850638,0.1286547796190689,16.79338144298119,2.8788265591064786,0.05900000000000005,0.85,
전북,2023,1.4278681430853473,0.3996213986458476,0.05635182164474628,16.690571785761176,2.873031830190947,0.03300000000000003,0.817,
전북,2024,1.5567568672486218,0.44045290647033036,0.06465773947638986,17.638674938023744,2.92523871971475,0.03699999999999992,0.78,
제주,2018,2.7930584209144174,0.31228378551465547,1.3750858061779798,46.23473275014437,3.8551294853273395,0.127,1.305,
제주,2019,0.4911704823935457,-0.9759648096583472,-1.1547547824601363,13.466601732821184,2.6718426639135116,0.08499999999999996,1.22,
제주,2020,0.8387804048085544,-0.7950209797873286,0.17438043512980883,14.457120618329867,2.738069778615821,0.07499999999999996,1.145,
제주,2021,0.534729354179543,-0.9856275463994244,-0.15252888681083654,12.671562942827025,2.6153179779842306,0.12400000000000011,1.021,
제주,2022,1.0068710311232616,-0.7570686834198976,0.23685247675429544,14.98383688835094,2.7715780171713806,0.06999999999999995,0.951,
제주,2023,1.194300846844673,-0.689477911238738,0.09402520099175504,14.965783600483363,2.7704479073601997,0.03199999999999992,0.919,
제주,2024,1.2955056593977428,-0.667407180576749,0.050769952502003335,15.239632988447113,2.787454735244613,0.09200000000000008,0.827,
충남,2018,-0.5544777648578685,-0.2662035366816167,-0.005528357805653528,11.667135129968724,2.539010854319286,0.119,1.276,
충남,2019,0.13199994778162108,0.08747569465025674,0.3443753314212685,14.798613221706011,2.7599221654027404,0.09000000000000008,1.186,
충남,2020,-0.3037316126136888,-0.18137287572029628,-0.21858714093554887,10.664784291255726,2.456574413339768,0.07399999999999984,1.112,
충남,2021,-0.5561116812997895,-0.35126749885667785,-0.12660785368212224,8.687816630100484,2.270869078542811,0.08300000000000018,1.029,
충남,2022,-0.03671477149180559,-0.0940204291654194,0.2605583249987333,10.48685208904678,2.4412030847024413,0.06599999999999995,0.963,
충남,2023,-0.03698674517491248,-0.11208751341365375,-0.0001364370984422436,10.189363000074936,2.4149635948835635,0.05399999999999994,0.909,
충남,2024,-0.9986379797443443,-0.6531862565542865,-0.4824176466606378,6.111217376534196,1.9616734494869197,0.06700000000000006,0.842,
충북,2018,-0.36610753811802305,-0.4695874893926441,-0.09976881807640758,13.56942575260343,2.6789252064313227,0.123,1.235,
충북,2019,-0.11887616380892817,-0.3499504006124188,0.1240249827457145,13.931036003318834,2.7034419998549164,0.06300000000000017,1.172,
충북,2020,0.6048227613469994,0.03225597515668233,0.36304755800669497,18.005723156522187,2.944740152573502,0.12199999999999989,1.05,
충북,2021,0.7399121586372572,0.0818393549026395,0.06776834135584409,18.111611011725753,2.950296056725431,0.06700000000000006,0.983,
충북,2022,0.6936979511875166,0.02942020905679575,-0.02318361210254416,16.53823811168859,2.864383532165933,0.03400000000000003,0.949,
충북,2023,0.6740033708120837,-0.00010731056833542436,-0.009879894888232599,15.561159812557088,2.8070601834948006,0.07799999999999996,0.871,
충북,2024,0.989748093191611,0.15508862181266297,0.15839508175128358,18.047272923635457,2.9469239377103165,-0.015000000000000013,0.886,
