세부영역,순위,단어,평균_TFIDF,등장문서수,분석문서수,중복제거
1-1. 고용여건,1,청년,0.10710506534595167,1085,2908,True
1-1. 고용여건,2,취업,0.0979351134351839,823,2908,True
1-1. 고용여건,3,창업,0.07611004705500632,566,2908,True
1-1. 고용여건,4,일자리,0.048457565114783455,437,2908,True
1-1. 고용여건,5,기업,0.04715743951337352,424,2908,True
1-1. 고용여건,6,교육,0.036955502283762695,561,2908,True
1-1. 고용여건,7,여성,0.036507266117451274,349,2908,True
1-1. 고용여건,8,채용,0.03135769622032737,248,2908,True
1-1. 고용여건,9,구직자,0.026231292658748316,195,2908,True
1-1. 고용여건,10,직업,0.02552626508754176,203,2908,True
1-1. 고용여건,11,경력,0.022797949908092273,192,2908,True
1-1. 고용여건,12,대학,0.021705896887234982,208,2908,True
1-1. 고용여건,13,구직,0.020418702953515215,140,2908,True
1-1. 고용여건,14,역량,0.020023032481919868,176,2908,True
1-1. 고용여건,15,면접,0.019695761532236854,146,2908,True
1-1. 고용여건,16,단절,0.01900473283509869,145,2908,True
1-1. 고용여건,17,훈련,0.018476066653343195,147,2908,True
1-1. 고용여건,18,고용,0.01776763883944565,143,2908,True
1-1. 고용여건,19,맞춤,0.017651286471989578,172,2908,True
1-1. 고용여건,20,창업자,0.01572831920201218,114,2908,True
1-2. 주거안정성,1,주택,0.1932120069776721,472,836,True
1-2. 주거안정성,2,대출,0.12165064380523206,287,836,True
1-2. 주거안정성,3,신혼부부,0.10655426886662078,270,836,True
1-2. 주거안정성,4,이자,0.10343433189154086,248,836,True
1-2. 주거안정성,5,전세,0.0936698819989107,219,836,True
1-2. 주거안정성,6,청년,0.08887962799450612,271,836,True
1-2. 주거안정성,7,최대,0.0860740778298322,222,836,True
1-2. 주거안정성,8,자금,0.07654577529700979,185,836,True
1-2. 주거안정성,9,보증금,0.0551035402253925,123,836,True
1-2. 주거안정성,10,임대,0.05328671297689186,110,836,True
1-2. 주거안정성,11,주거,0.04780906505896082,101,836,True
1-2. 주거안정성,12,잔액,0.04641844770171604,108,836,True
1-2. 주거안정성,13,월세,0.04519507251903016,75,836,True
1-2. 주거안정성,14,가구,0.043091743022206655,127,836,True
1-2. 주거안정성,15,소득,0.04094922332231743,162,836,True
1-2. 주거안정성,16,공급,0.04031930309434597,91,836,True
1-2. 주거안정성,17,임차,0.030909296631660668,75,836,True
1-2. 주거안정성,18,거주,0.029067179279253598,107,836,True
1-2. 주거안정성,19,주거비,0.02740013709208693,47,836,True
1-2. 주거안정성,20,이내,0.025022694533747395,76,836,True
1-3. 경제적 여건,1,출산,0.11095501090249357,1362,3862,True
1-3. 경제적 여건,2,지급,0.0876939184337064,1022,3862,True
1-3. 경제적 여건,3,가정,0.06135583378869104,933,3862,True
1-3. 경제적 여건,4,자녀,0.061173147204007274,723,3862,True
1-3. 경제적 여건,5,장려금,0.05358245897864188,458,3862,True
1-3. 경제적 여건,6,셋째아,0.04498134599682646,388,3862,True
1-3. 경제적 여건,7,축하금,0.0449478913861637,382,3862,True
1-3. 경제적 여건,8,출생,0.041519790586195905,450,3862,True
1-3. 경제적 여건,9,둘째아,0.038148026974323825,327,3862,True
1-3. 경제적 여건,10,지원금,0.03435211551329084,313,3862,True
1-3. 경제적 여건,11,거주,0.03362466189351985,477,3862,True
1-3. 경제적 여건,12,출생아,0.03204997388809229,287,3862,True
1-3. 경제적 여건,13,아동,0.031151486100215498,294,3862,True
1-3. 경제적 여건,14,양육비,0.030224742771993,239,3862,True
1-3. 경제적 여건,15,다자녀,0.028834192378985716,349,3862,True
1-3. 경제적 여건,16,장애인,0.026259902326289893,228,3862,True
1-3. 경제적 여건,17,이후,0.026052127167418622,222,3862,True
1-3. 경제적 여건,18,등록,0.0251431859047494,362,3862,True
1-3. 경제적 여건,19,감면,0.02513270249926413,261,3862,True
1-3. 경제적 여건,20,부모,0.024086645598646518,284,3862,True
2-1. 돌봄 여건,1,어린이집,0.07576891227548273,2955,11815,True
2-1. 돌봄 여건,2,아동,0.04432041370094057,1700,11815,True
2-1. 돌봄 여건,3,보육,0.042599910388931225,1487,11815,True
2-1. 돌봄 여건,4,돌봄,0.033019182543088034,1054,11815,True
2-1. 돌봄 여건,5,교육,0.030350952248882554,1582,11815,True
2-1. 돌봄 여건,6,가정,0.026681334555628308,1291,11815,True
2-1. 돌봄 여건,7,운영비,0.024351380525438872,904,11815,True
2-1. 돌봄 여건,8,교사,0.02315312322892258,743,11815,True
2-1. 돌봄 여건,9,관내,0.022623208545387557,984,11815,True
2-1. 돌봄 여건,10,육아,0.020045232223606057,682,11815,True
2-1. 돌봄 여건,11,인건비,0.01967931232005132,681,11815,True
2-1. 돌봄 여건,12,방과,0.01949888836827368,619,11815,True
2-1. 돌봄 여건,13,영유아,0.019315851645337136,711,11815,True
2-1. 돌봄 여건,14,자녀,0.018999863792439217,806,11815,True
2-1. 돌봄 여건,15,유치원,0.01861635345941039,588,11815,True
2-1. 돌봄 여건,16,부모,0.018068411123473755,692,11815,True
2-1. 돌봄 여건,17,출산,0.017985038924948307,762,11815,True
2-1. 돌봄 여건,18,학교,0.017622713145766356,675,11815,True
2-1. 돌봄 여건,19,이용,0.017010629197776385,612,11815,True
2-1. 돌봄 여건,20,용품,0.01614509333888716,479,11815,True
2-2. 여가 인프라,1,청소년,0.05915588739062011,472,2961,True
2-2. 여가 인프라,2,문화,0.055133977892009745,528,2961,True
2-2. 여가 인프라,3,체험,0.053382251849404594,512,2961,True
2-2. 여가 인프라,4,평생,0.04514646757452202,298,2961,True
2-2. 여가 인프라,5,가족,0.043706649056752166,421,2961,True
2-2. 여가 인프라,6,행사,0.03841907067849642,319,2961,True
2-2. 여가 인프라,7,학습,0.0357466394253183,280,2961,True
2-2. 여가 인프라,8,어린이,0.030232460359242784,239,2961,True
2-2. 여가 인프라,9,활동,0.02828565904733895,278,2961,True
2-2. 여가 인프라,10,교육,0.026301196545416548,331,2961,True
2-2. 여가 인프라,11,어린이날,0.022958996166690136,129,2961,True
2-2. 여가 인프라,12,다문화,0.021795268906058422,192,2961,True
2-2. 여가 인프라,13,동아리,0.020799232578316455,129,2961,True
2-2. 여가 인프라,14,아동,0.01895744704315055,205,2961,True
2-2. 여가 인프라,15,공연,0.018342309492832096,148,2961,True
2-2. 여가 인프라,16,시설,0.018194634595326987,204,2961,True
2-2. 여가 인프라,17,개최,0.017988912597285887,154,2961,True
2-2. 여가 인프라,18,가정,0.01761382901834911,240,2961,True
2-2. 여가 인프라,19,공간,0.016330511716982753,131,2961,True
2-2. 여가 인프라,20,다양,0.016266186494949146,149,2961,True
2-3. 가사수행 격차,1,아빠,0.24562489673185783,90,168,True
2-3. 가사수행 격차,2,육아,0.11208506709049924,63,168,True
2-3. 가사수행 격차,3,아버지,0.09522537163858913,28,168,True
2-3. 가사수행 격차,4,자녀,0.08036453559551579,49,168,True
2-3. 가사수행 격차,5,교육,0.06376202266037129,48,168,True
2-3. 가사수행 격차,6,참여,0.06323767137197578,35,168,True
2-3. 가사수행 격차,7,가족,0.05968449261504817,34,168,True
2-3. 가사수행 격차,8,양립,0.05765587840695089,21,168,True
2-3. 가사수행 격차,9,남성,0.05473797591688548,21,168,True
2-3. 가사수행 격차,10,가정,0.050178405340982966,37,168,True
2-3. 가사수행 격차,11,캠프,0.04083711949756513,14,168,True
2-3. 가사수행 격차,12,가사,0.0394488752250928,19,168,True
2-3. 가사수행 격차,13,체험,0.03400986073228876,17,168,True
2-3. 가사수행 격차,14,관계,0.02944492610418157,13,168,True
2-3. 가사수행 격차,15,인식,0.028362741035905845,15,168,True
2-3. 가사수행 격차,16,역할,0.027825989074324927,12,168,True
2-3. 가사수행 격차,17,교실,0.026843645318965655,11,168,True
2-3. 가사수행 격차,18,놀이,0.021305027646673535,10,168,True
2-3. 가사수행 격차,19,부모,0.020949400379209268,13,168,True
2-3. 가사수행 격차,20,부부,0.02058747298944181,10,168,True
3-1. 의료서비스 여건,1,검사,0.07572988356162608,983,4332,True
3-1. 의료서비스 여건,2,건강,0.07405302321467812,1140,4332,True
3-1. 의료서비스 여건,3,임산부,0.07042429481040086,907,4332,True
3-1. 의료서비스 여건,4,임신,0.04286381085409645,579,4332,True
3-1. 의료서비스 여건,5,검진,0.04179613157857953,509,4332,True
3-1. 의료서비스 여건,6,난임,0.0409671306616567,448,4332,True
3-1. 의료서비스 여건,7,부부,0.035180659751527905,487,4332,True
3-1. 의료서비스 여건,8,영유아,0.030620445476098844,386,4332,True
3-1. 의료서비스 여건,9,의료비,0.02955033682330327,357,4332,True
3-1. 의료서비스 여건,10,시술,0.024456215114825194,285,4332,True
3-1. 의료서비스 여건,11,출산,0.024202482426383978,429,4332,True
3-1. 의료서비스 여건,12,산전,0.02397767467260067,266,4332,True
3-1. 의료서비스 여건,13,영양제,0.023689930650911684,200,4332,True
3-1. 의료서비스 여건,14,엽산,0.023324006855072608,248,4332,True
3-1. 의료서비스 여건,15,등록,0.02318053926793906,337,4332,True
3-1. 의료서비스 여건,16,소득,0.0228654008008552,434,4332,True
3-1. 의료서비스 여건,17,예비,0.022196158099819195,257,4332,True
3-1. 의료서비스 여건,18,여성,0.021988160911628953,351,4332,True
3-1. 의료서비스 여건,19,예방,0.02131157191260297,320,4332,True
3-1. 의료서비스 여건,20,기형아,0.021163404646318766,218,4332,True
3-2. 산후조리 여건,1,산모,0.23336849656174025,597,921,True
3-2. 산후조리 여건,2,신생아,0.19310281502386573,516,921,True
3-2. 산후조리 여건,3,건강,0.15103055545023558,510,921,True
3-2. 산후조리 여건,4,출산,0.1085930351487041,424,921,True
3-2. 산후조리 여건,5,가정,0.10370566802796084,394,921,True
3-2. 산후조리 여건,6,관리사,0.09893474918433348,216,921,True
3-2. 산후조리 여건,7,부담금,0.08469001876410573,229,921,True
3-2. 산후조리 여건,8,본인,0.08265411785868437,226,921,True
3-2. 산후조리 여건,9,소득,0.07837186050065488,271,921,True
3-2. 산후조리 여건,10,산후,0.07205023640005992,175,921,True
3-2. 산후조리 여건,11,중위,0.06858432981618769,188,921,True
3-2. 산후조리 여건,12,산후조리,0.04276389037907327,76,921,True
3-2. 산후조리 여건,13,파견,0.04206797084315416,96,921,True
3-2. 산후조리 여건,14,산후조리원,0.03888960784687,70,921,True
3-2. 산후조리 여건,15,도우미,0.036524168881751695,72,921,True
3-2. 산후조리 여건,16,이용,0.03439248941103337,109,921,True
3-2. 산후조리 여건,17,정부,0.030586588496796147,72,921,True
3-2. 산후조리 여건,18,비용,0.030198841127413587,81,921,True
3-2. 산후조리 여건,19,관내,0.027527086666880196,93,921,True
3-2. 산후조리 여건,20,조리,0.027506639821868795,61,921,True
3-3. 아동안전 수준,1,예방,0.09089431037124387,273,880,True
3-3. 아동안전 수준,2,안전,0.0818074576506107,228,880,True
3-3. 아동안전 수준,3,교육,0.05842373449912981,235,880,True
3-3. 아동안전 수준,4,청소년,0.05660095464173593,172,880,True
3-3. 아동안전 수준,5,어린이,0.05262627214491618,137,880,True
3-3. 아동안전 수준,6,폭력,0.048483236200406045,101,880,True
3-3. 아동안전 수준,7,유해,0.04787479593913928,90,880,True
3-3. 아동안전 수준,8,아동,0.04448355270457342,145,880,True
3-3. 아동안전 수준,9,학교,0.040728791667062704,123,880,True
3-3. 아동안전 수준,10,보호,0.03731307970763659,123,880,True
3-3. 아동안전 수준,11,환경,0.03618873565541069,112,880,True
3-3. 아동안전 수준,12,교통안전,0.03337180699680936,65,880,True
3-3. 아동안전 수준,13,학대,0.030623428130702922,62,880,True
3-3. 아동안전 수준,14,캠페인,0.027890617159214214,80,880,True
3-3. 아동안전 수준,15,구역,0.026674443268921485,61,880,True
3-3. 아동안전 수준,16,점검,0.02565606892672504,60,880,True
3-3. 아동안전 수준,17,지도,0.025388660858646606,68,880,True
3-3. 아동안전 수준,18,성폭력,0.02312256894907674,45,880,True
3-3. 아동안전 수준,19,지킴이,0.02295743498319663,54,880,True
3-3. 아동안전 수준,20,설치,0.022924758997822134,69,880,True
4-1. 일·가정 양립 여건,1,휴직,0.08952626125457593,332,1380,True
4-1. 일·가정 양립 여건,2,육아,0.08322932262250625,403,1380,True
4-1. 일·가정 양립 여건,3,공무원,0.0725271911127732,283,1380,True
4-1. 일·가정 양립 여건,4,근무,0.06792240573859788,252,1380,True
4-1. 일·가정 양립 여건,5,출산,0.06185131979758375,391,1380,True
4-1. 일·가정 양립 여건,6,대체,0.05960200719558119,212,1380,True
4-1. 일·가정 양립 여건,7,휴가,0.05117347622670743,189,1380,True
4-1. 일·가정 양립 여건,8,인력,0.05113210621672288,210,1380,True
4-1. 일·가정 양립 여건,9,가족,0.04673826573059874,222,1380,True
4-1. 일·가정 양립 여건,10,친화,0.04178121165561554,164,1380,True
4-1. 일·가정 양립 여건,11,직원,0.04121968829672056,159,1380,True
4-1. 일·가정 양립 여건,12,임신,0.03996251265128177,184,1380,True
4-1. 일·가정 양립 여건,13,시간,0.03424034607962954,136,1380,True
4-1. 일·가정 양립 여건,14,직장,0.029933117033284676,114,1380,True
4-1. 일·가정 양립 여건,15,여성,0.027691546953714632,147,1380,True
4-1. 일·가정 양립 여건,16,양립,0.02737175430068008,96,1380,True
4-1. 일·가정 양립 여건,17,자녀,0.024792466616508285,139,1380,True
4-1. 일·가정 양립 여건,18,부여,0.023416670182007056,93,1380,True
4-1. 일·가정 양립 여건,19,가정,0.023411816617334748,151,1380,True
4-1. 일·가정 양립 여건,20,남성,0.022783148971440566,73,1380,True
4-2. 사회적 가치관,1,인구,0.0939529698234179,642,2438,True
4-2. 사회적 가치관,2,출산,0.09115720107661512,936,2438,True
4-2. 사회적 가치관,3,인식,0.06308811723605687,404,2438,True
4-2. 사회적 가치관,4,교육,0.06016638142310041,606,2438,True
4-2. 사회적 가치관,5,홍보,0.052303561996357134,389,2438,True
4-2. 사회적 가치관,6,캠페인,0.04239526931815418,279,2438,True
4-2. 사회적 가치관,7,극복,0.036155005509265314,228,2438,True
4-2. 사회적 가치관,8,정책,0.034322912318029614,265,2438,True
4-2. 사회적 가치관,9,장려,0.03393257340110596,229,2438,True
4-2. 사회적 가치관,10,출생,0.03119915240969559,264,2438,True
4-2. 사회적 가치관,11,축하,0.030396364388736632,240,2438,True
4-2. 사회적 가치관,12,제작,0.02381897444173473,165,2438,True
4-2. 사회적 가치관,13,시민,0.023528916127322965,175,2438,True
4-2. 사회적 가치관,14,가정,0.021787014149510394,251,2438,True
4-2. 사회적 가치관,15,가족,0.021000986428178096,208,2438,True
4-2. 사회적 가치관,16,아기,0.020844477063498016,135,2438,True
4-2. 사회적 가치관,17,사회,0.020807367184586912,204,2438,True
4-2. 사회적 가치관,18,행사,0.01818874467028701,137,2438,True
4-2. 사회적 가치관,19,발급,0.01795285839713284,123,2438,True
4-2. 사회적 가치관,20,사진,0.017235408144325278,109,2438,True
지표체계 외,1,노인,0.0798628186831561,4196,14428,True
지표체계 외,2,경로당,0.04172214024343265,1618,14428,True
지표체계 외,3,어르신,0.03314465474138665,1549,14428,True
지표체계 외,4,운영비,0.02328363671630076,991,14428,True
지표체계 외,5,시설,0.02230982630268842,1095,14428,True
지표체계 외,6,교육,0.02187082828595957,1510,14428,True
지표체계 외,7,건강,0.01903256623949432,1061,14428,True
지표체계 외,8,사회,0.01836772337057998,1048,14428,True
지표체계 외,9,생활,0.017691304004231443,942,14428,True
지표체계 외,10,아동,0.01713729137201541,841,14428,True
지표체계 외,11,복지,0.01689340376412149,822,14428,True
지표체계 외,12,활동,0.016527823624198433,874,14428,True
지표체계 외,13,일자리,0.01521384093677898,606,14428,True
지표체계 외,14,치매,0.01476542447140171,519,14428,True
지표체계 외,15,보호,0.014462710140301139,646,14428,True
지표체계 외,16,여가,0.014318347991688353,499,14428,True
지표체계 외,17,소득,0.012850742914735772,698,14428,True
지표체계 외,18,지급,0.012584448584249716,639,14428,True
지표체계 외,19,상담,0.012152781704902796,604,14428,True
지표체계 외,20,인건비,0.011925328406045616,503,14428,True
