지표_id,raw_source_order,role,source,file_name,선택필드,선택출처,최종출처포함여부,제외사유,raw_source_json
youth_employment_rate,1,numerator,,2016-2025_행정구역_시도__연령별_취업자_20260715184807.csv,file_name,2016-2025_행정구역_시도__연령별_취업자_20260715184807.csv,True,,"{""role"": ""numerator"", ""id"": ""1q5qfiM0oaddqUS36bu0-pFca4YH39Ymf"", ""file_name"": ""2016-2025_행정구역_시도__연령별_취업자_20260715184807.csv""}"
youth_employment_rate,2,denominator,,2016-2025_행정구역(시도)별_1세별_주민등록인구_20260715.csv,file_name,2016-2025_행정구역(시도)별_1세별_주민등록인구_20260715.csv,True,,"{""role"": ""denominator"", ""id"": ""1Rm42k1V1H-eSgTJ3mSKMZYHCFjhE-lFn"", ""file_name"": ""2016-2025_행정구역(시도)별_1세별_주민등록인구_20260715.csv""}"
work_hours,1,published_value_2016_2019,,2016-2019_행정구역_시도___산업_규모별_임금_및_근로시간_상용근로자__상용근로자_1인이상_사업체__20260715183802.csv,file_name,2016-2019_행정구역_시도___산업_규모별_임금_및_근로시간_상용근로자__상용근로자_1인이상_사업체__20260715183802.csv,True,,"{""role"": ""published_value_2016_2019"", ""id"": ""1zlh-yFwKvUyT3v10epmEbGUFN6P_JiGh"", ""file_name"": ""2016-2019_행정구역_시도___산업_규모별_임금_및_근로시간_상용근로자__상용근로자_1인이상_사업체__20260715183802.csv""}"
work_hours,2,published_value_2020_2025,,2020-2025_행정구역_시도___산업_규모별_임금_및_근로시간_상용근로자__상용근로자_1인이상_사업체__20260715184101.csv,file_name,2020-2025_행정구역_시도___산업_규모별_임금_및_근로시간_상용근로자__상용근로자_1인이상_사업체__20260715184101.csv,True,,"{""role"": ""published_value_2020_2025"", ""id"": ""1WP6AvTCp7HSbsCbSMsD4u9ACZIL0JM99"", ""file_name"": ""2020-2025_행정구역_시도___산업_규모별_임금_및_근로시간_상용근로자__상용근로자_1인이상_사업체__20260715184101.csv""}"
income_satisfaction,1,response_distribution,,"2015,2017,2019,2021,2023,2025_소득_만족도__19세_이상_인구__20260715185726.csv",file_name,"2015,2017,2019,2021,2023,2025_소득_만족도__19세_이상_인구__20260715185726.csv",True,,"{""role"": ""response_distribution"", ""id"": ""1-rC7f0mxV7QZgoFxNMIzEQDTB_ya_aKb"", ""file_name"": ""2015,2017,2019,2021,2023,2025_소득_만족도__19세_이상_인구__20260715185726.csv""}"
income_level,1,published_value,,1인당_가계총처분가능소득_시도__20260721120851.csv,file_name,1인당_가계총처분가능소득_시도__20260721120851.csv,True,,"{""role"": ""published_value"", ""id"": ""1givygFw_o5xPjIOkcisyKQb7m7yDw8w9"", ""file_name"": ""1인당_가계총처분가능소득_시도__20260721120851.csv""}"
childcare_capacity_rate,1,numerator_active,,전국_어린이집_정현원_현황_20260724113247.csv.xlsx,file_name,전국_어린이집_정현원_현황_20260724113247.csv.xlsx,True,,"{""role"": ""numerator_active"", ""id"": ""1ifo38jhxmWu-BZusDH4jTuoVdBbIVnG-"", ""file_name"": ""전국_어린이집_정현원_현황_20260724113247.csv.xlsx""}"
childcare_capacity_rate,2,denominator,,2016-2025_행정구역(시도)별_1세별_주민등록인구_20260715.csv.xlsx,file_name,2016-2025_행정구역(시도)별_1세별_주민등록인구_20260715.csv.xlsx,True,,"{""role"": ""denominator"", ""id"": ""1RbZwHksyXyWbkqC9F-GD3bQIEQnHEaNm"", ""file_name"": ""2016-2025_행정구역(시도)별_1세별_주민등록인구_20260715.csv.xlsx""}"
childcare_capacity_rate,3,numerator_excluded_facility_count,,2016-2025_어린이집_현황_시·도__20260715191601.csv,file_name,2016-2025_어린이집_현황_시·도__20260715191601.csv,True,,"{""role"": ""numerator_excluded_facility_count"", ""id"": ""1_r9pyyP9Il2aJDahyUf8n9DGzpG_jVI0"", ""file_name"": ""2016-2025_어린이집_현황_시·도__20260715191601.csv""}"
after_school_care_supply,1,numerator,,2016-2024_다함께돌봄센터 시설수 & 지역아동센터 시설수.xlsx,file_name,2016-2024_다함께돌봄센터 시설수 & 지역아동센터 시설수.xlsx,True,,"{""role"": ""numerator"", ""id"": ""1026rhcE0ZVAcOGfCGqqUgUg7pc6aMY7F"", ""file_name"": ""2016-2024_다함께돌봄센터 시설수 & 지역아동센터 시설수.xlsx""}"
after_school_care_supply,2,denominator,,2016-2025_행정구역(시도)별_1세별_주민등록인구_20260715.csv,file_name,2016-2025_행정구역(시도)별_1세별_주민등록인구_20260715.csv,True,,"{""role"": ""denominator"", ""id"": ""1GV3DsPsR2uS8OxZXHDxirNT6zYrkwD5Y"", ""file_name"": ""2016-2025_행정구역(시도)별_1세별_주민등록인구_20260715.csv""}"
private_education_cost,1,published_value,,2016-2025_학교급_및_시도별__학생_1인당_월평균_사교육비_20260715191739.csv,file_name,2016-2025_학교급_및_시도별__학생_1인당_월평균_사교육비_20260715191739.csv,True,,"{""role"": ""published_value"", ""id"": ""17DMqjZ8UwRcWQ3lZHgKCsLuQWbO6XZ0Z"", ""file_name"": ""2016-2025_학교급_및_시도별__학생_1인당_월평균_사교육비_20260715191739.csv""}"
cultural_facilities_supply,1,published_rate,,2016-2024_인구_십만명당_문화기반시설수_시도_시_군_구__20260715191848.csv,file_name,2016-2024_인구_십만명당_문화기반시설수_시도_시_군_구__20260715191848.csv,True,,"{""role"": ""published_rate"", ""id"": ""1rw7F3ZH43hWFmdLn4c6gkeQXfB3JRGGn"", ""file_name"": ""2016-2024_인구_십만명당_문화기반시설수_시도_시_군_구__20260715191848.csv""}"
urban_park_supply,1,published_rate,,2016-2024_인구_천명당_도시공원조성면적_시도__20260715192056.csv,file_name,2016-2024_인구_천명당_도시공원조성면적_시도__20260715192056.csv,True,,"{""role"": ""published_rate"", ""id"": ""1H_jOg_9b5W0jN4JLGpwNwNLbaA0ujuIh"", ""file_name"": ""2016-2024_인구_천명당_도시공원조성면적_시도__20260715192056.csv""}"
leisure_satisfaction,1,response_distribution,,"2015,2017,2019,2021,2023,2025_여가활용_만족도_시도__20260715192254.csv",file_name,"2015,2017,2019,2021,2023,2025_여가활용_만족도_시도__20260715192254.csv",True,,"{""role"": ""response_distribution"", ""id"": ""1G6AAuPFKpbCx68TRSwV9SHy5BeQwd4Xf"", ""file_name"": ""2015,2017,2019,2021,2023,2025_여가활용_만족도_시도__20260715192254.csv""}"
delivery_bed_supply,1,substitute_numerator,,2018-2025_시군구별_특수진료실_현황_20260716080246.csv,file_name,2018-2025_시군구별_특수진료실_현황_20260716080246.csv,True,,"{""role"": ""substitute_numerator"", ""id"": ""1wC0RKhdnC5PGDDHsWn1ooelEzG7lhOUn"", ""file_name"": ""2018-2025_시군구별_특수진료실_현황_20260716080246.csv""}"
delivery_bed_supply,2,denominator,,2016-2025_행정구역(시도)별_1세별_주민등록인구_20260715.csv,file_name,2016-2025_행정구역(시도)별_1세별_주민등록인구_20260715.csv,True,,"{""role"": ""denominator"", ""id"": ""1gV1hz4XHcw2R1l2bRLf6StDhBaH2wF_S"", ""file_name"": ""2016-2025_행정구역(시도)별_1세별_주민등록인구_20260715.csv""}"
pediatric_specialist_supply,1,substitute_numerator,,2016-2025_시군구별_전문과목별_전문의_인력현황_20260716081608.csv,file_name,2016-2025_시군구별_전문과목별_전문의_인력현황_20260716081608.csv,True,,"{""role"": ""substitute_numerator"", ""id"": ""1agv6H5arQEQ4DW0efQYUiK-wec7prSrm"", ""file_name"": ""2016-2025_시군구별_전문과목별_전문의_인력현황_20260716081608.csv""}"
pediatric_specialist_supply,2,denominator,,2016-2025_행정구역(시도)별_1세별_주민등록인구_20260715.csv,file_name,2016-2025_행정구역(시도)별_1세별_주민등록인구_20260715.csv,True,,"{""role"": ""denominator"", ""id"": ""1Pn4K5WN_9LuLNNzbs7_8Tx69ReQAZxZ8"", ""file_name"": ""2016-2025_행정구역(시도)별_1세별_주민등록인구_20260715.csv""}"
postpartum_center_supply,1,snapshot_2023,,2023년_하반기_산후조리원_현황.xlsx,file_name,2023년_하반기_산후조리원_현황.xlsx,True,,"{""role"": ""snapshot_2023"", ""id"": ""1IAXMeVIl20CqNTb_oJ8Faiil1jqeqRCV"", ""file_name"": ""2023년_하반기_산후조리원_현황.xlsx""}"
postpartum_center_supply,2,snapshot_2024,,2024년 상반기 산후조리원 현황(홈페이지용).xlsx,file_name,2024년 상반기 산후조리원 현황(홈페이지용).xlsx,True,,"{""role"": ""snapshot_2024"", ""id"": ""1GhL6HCanuVGttQ0LVN7M7uOwvzLdf20n"", ""file_name"": ""2024년 상반기 산후조리원 현황(홈페이지용).xlsx""}"
postpartum_center_supply,3,snapshot_2025,,2025년+상반기+산후조리원+현황(홈페이지용).xlsx,file_name,2025년+상반기+산후조리원+현황(홈페이지용).xlsx,True,,"{""role"": ""snapshot_2025"", ""id"": ""1DXes5EqSoUPM9L2SLhORw9qQq3fr-7I4"", ""file_name"": ""2025년+상반기+산후조리원+현황(홈페이지용).xlsx""}"
postpartum_center_supply,4,denominator,,2016-2025_행정구역(시도)별_1세별_주민등록인구_20260715.csv,file_name,2016-2025_행정구역(시도)별_1세별_주민등록인구_20260715.csv,True,,"{""role"": ""denominator"", ""id"": ""1IAOh2jh0nYMM584rGOubSo4achCHZ4oK"", ""file_name"": ""2016-2025_행정구역(시도)별_1세별_주민등록인구_20260715.csv""}"
postpartum_center_supply,5,team_intermediate,,2023-2025_산후조리원 현황(통합)_최연호.xlsx,file_name,2023-2025_산후조리원 현황(통합)_최연호.xlsx,True,,"{""role"": ""team_intermediate"", ""id"": ""1ybbN5CrDYEqA0pBb3sh2brFF3tw_PpWT"", ""file_name"": ""2023-2025_산후조리원 현황(통합)_최연호.xlsx""}"
postpartum_center_fee,1,snapshot_2023,,2023년_하반기_산후조리원_현황.xlsx,file_name,2023년_하반기_산후조리원_현황.xlsx,True,,"{""role"": ""snapshot_2023"", ""id"": ""1IAXMeVIl20CqNTb_oJ8Faiil1jqeqRCV"", ""file_name"": ""2023년_하반기_산후조리원_현황.xlsx""}"
postpartum_center_fee,2,snapshot_2024,,2024년 상반기 산후조리원 현황(홈페이지용).xlsx,file_name,2024년 상반기 산후조리원 현황(홈페이지용).xlsx,True,,"{""role"": ""snapshot_2024"", ""id"": ""1GhL6HCanuVGttQ0LVN7M7uOwvzLdf20n"", ""file_name"": ""2024년 상반기 산후조리원 현황(홈페이지용).xlsx""}"
postpartum_center_fee,3,snapshot_2025,,2025년+상반기+산후조리원+현황(홈페이지용).xlsx,file_name,2025년+상반기+산후조리원+현황(홈페이지용).xlsx,True,,"{""role"": ""snapshot_2025"", ""id"": ""1DXes5EqSoUPM9L2SLhORw9qQq3fr-7I4"", ""file_name"": ""2025년+상반기+산후조리원+현황(홈페이지용).xlsx""}"
postpartum_center_fee,4,team_intermediate,,2023-2025_산후조리원 현황(통합)_최연호.xlsx,file_name,2023-2025_산후조리원 현황(통합)_최연호.xlsx,True,,"{""role"": ""team_intermediate"", ""id"": ""1ybbN5CrDYEqA0pBb3sh2brFF3tw_PpWT"", ""file_name"": ""2023-2025_산후조리원 현황(통합)_최연호.xlsx""}"
child_traffic_accident_rate,1,numerator_2016_2020,,2016-2020_어린이(만13세미만)_교통사고통계_20260716.xlsx,file_name,2016-2020_어린이(만13세미만)_교통사고통계_20260716.xlsx,True,,"{""role"": ""numerator_2016_2020"", ""id"": ""1CtY3NQN_ThgnYJmhTyfLrqdNOrLyf7Oq"", ""file_name"": ""2016-2020_어린이(만13세미만)_교통사고통계_20260716.xlsx""}"
child_traffic_accident_rate,2,numerator_2021_2025,,2021-2025_어린이(만13세미만)_교통사고통계_20260716.xlsx,file_name,2021-2025_어린이(만13세미만)_교통사고통계_20260716.xlsx,True,,"{""role"": ""numerator_2021_2025"", ""id"": ""1IXotZZ6buRjaDDegrKVEMGNHmFQMhY9v"", ""file_name"": ""2021-2025_어린이(만13세미만)_교통사고통계_20260716.xlsx""}"
child_traffic_accident_rate,3,denominator,,2016-2025_행정구역(시도)별_1세별_주민등록인구_20260715.csv,file_name,2016-2025_행정구역(시도)별_1세별_주민등록인구_20260715.csv,True,,"{""role"": ""denominator"", ""id"": ""15dRoMKcHlg3nRMPJbyPAexgdEd5-_-tc"", ""file_name"": ""2016-2025_행정구역(시도)별_1세별_주민등록인구_20260715.csv""}"
social_safety_perception,1,response_distribution,,"2016,2018,2020,2022,2024_사회안전에_대한_인식_시도__20260715193059.csv",file_name,"2016,2018,2020,2022,2024_사회안전에_대한_인식_시도__20260715193059.csv",True,,"{""role"": ""response_distribution"", ""id"": ""1Joa_HyHosUwrcmzfNH9dY6gTM-JeY8Tb"", ""file_name"": ""2016,2018,2020,2022,2024_사회안전에_대한_인식_시도__20260715193059.csv""}"
parental_leave_usage,1,published_value,,2016-2024_시도별_출생아_부모의_육아휴직_사용률_20260715193411.csv,file_name,2016-2024_시도별_출생아_부모의_육아휴직_사용률_20260715193411.csv,True,,"{""role"": ""published_value"", ""id"": ""1TTf7LzuhqJaN_HbGAq6NhTV3OQn2zxLT"", ""file_name"": ""2016-2024_시도별_출생아_부모의_육아휴직_사용률_20260715193411.csv""}"
family_friendly_certification_rate,1,denominator_2016,,2016_시도별__산업별__규모별__사업체수_및_종사자수_성별__20260715194020.csv,file_name,2016_시도별__산업별__규모별__사업체수_및_종사자수_성별__20260715194020.csv,True,,"{""role"": ""denominator_2016"", ""id"": ""1dMyVvKQMo1T_lYceC48OsaM6SJCLprsC"", ""file_name"": ""2016_시도별__산업별__규모별__사업체수_및_종사자수_성별__20260715194020.csv""}"
family_friendly_certification_rate,2,denominator_2017_2023,,2017-2023_시도별__산업별__규모별__사업체수_및_종사자수_성별__20260715194147.csv,file_name,2017-2023_시도별__산업별__규모별__사업체수_및_종사자수_성별__20260715194147.csv,True,,"{""role"": ""denominator_2017_2023"", ""id"": ""1IuQuCJioBhqzFJ3n_HUej1mNzLPGYwls"", ""file_name"": ""2017-2023_시도별__산업별__규모별__사업체수_및_종사자수_성별__20260715194147.csv""}"
family_friendly_certification_rate,3,denominator_2024,,2024_시도별__산업별__규모별__사업체수_및_종사자수_성별__20260715194241.csv,file_name,2024_시도별__산업별__규모별__사업체수_및_종사자수_성별__20260715194241.csv,True,,"{""role"": ""denominator_2024"", ""id"": ""16ft1CqCCDM5XfoK1DBZN4QKaiZhm8fz1"", ""file_name"": ""2024_시도별__산업별__규모별__사업체수_및_종사자수_성별__20260715194241.csv""}"
family_friendly_certification_rate,4,numerator_2020,여성가족부·한국건강가정진흥원 가족친화지원사업 2020년 12월 유효 인증기업·기관 명단,2020 가족친화인증기업(관) 리스트(2020년 12월 4340개).xlsx,source,여성가족부·한국건강가정진흥원 가족친화지원사업 2020년 12월 유효 인증기업·기관 명단,True,,"{""role"": ""numerator_2020"", ""source"": ""여성가족부·한국건강가정진흥원 가족친화지원사업 2020년 12월 유효 인증기업·기관 명단"", ""file_name"": ""2020 가족친화인증기업(관) 리스트(2020년 12월 4340개).xlsx""}"
family_friendly_certification_rate,5,numerator_2021,여성가족부·한국건강가정진흥원 가족친화지원사업 2021년 12월 유효 인증기업·기관 명단,"2021 가족친화인증(관) 현황(2021년 12월, 총4918개사).xlsx",source,여성가족부·한국건강가정진흥원 가족친화지원사업 2021년 12월 유효 인증기업·기관 명단,True,,"{""role"": ""numerator_2021"", ""source"": ""여성가족부·한국건강가정진흥원 가족친화지원사업 2021년 12월 유효 인증기업·기관 명단"", ""file_name"": ""2021 가족친화인증(관) 현황(2021년 12월, 총4918개사).xlsx""}"
family_friendly_certification_rate,6,numerator_2018,,가족친화인증기업현황_20181231.csv,file_name,가족친화인증기업현황_20181231.csv,True,,"{""role"": ""numerator_2018"", ""id"": ""1F-CSsJ4NEurkq1hbgM7RBg2UZftJCwc9"", ""file_name"": ""가족친화인증기업현황_20181231.csv""}"
family_friendly_certification_rate,7,numerator_2022,,가족친화인증기업현황_20221231.csv,file_name,가족친화인증기업현황_20221231.csv,True,,"{""role"": ""numerator_2022"", ""id"": ""1jaQeL5eMjvr8XOd-_XOhz8DafvAZHAEG"", ""file_name"": ""가족친화인증기업현황_20221231.csv""}"
family_friendly_certification_rate,8,numerator_2023,,가족친화인증기업현황_20231231.csv,file_name,가족친화인증기업현황_20231231.csv,True,,"{""role"": ""numerator_2023"", ""id"": ""1Dn-Gaay423ffSh73e-evLKQCmPgXLic7"", ""file_name"": ""가족친화인증기업현황_20231231.csv""}"
family_friendly_certification_rate,9,numerator_2024,,가족친화인증기업현황_20241231.csv,file_name,가족친화인증기업현황_20241231.csv,True,,"{""role"": ""numerator_2024"", ""id"": ""1xRQQoql4Cj9hRps8xcnWkjFKaT9YkxYk"", ""file_name"": ""가족친화인증기업현황_20241231.csv""}"
family_friendly_certification_rate,10,numerator_2025,,가족친화인증기업현황_20251201.csv,file_name,가족친화인증기업현황_20251201.csv,True,,"{""role"": ""numerator_2025"", ""id"": ""1NuSkYv79o1dt_gETG5SGIMgAvy57K1Am"", ""file_name"": ""가족친화인증기업현황_20251201.csv""}"
marriage_perception,1,response_distribution,,"2016,2018,2020,2022,2024_결혼에_대한_견해_13세_이상_인구__20260715194527.xlsx",file_name,"2016,2018,2020,2022,2024_결혼에_대한_견해_13세_이상_인구__20260715194527.xlsx",True,,"{""role"": ""response_distribution"", ""id"": ""106qkFUshlb0NdQSxNCKJTIDoqL_icteV"", ""file_name"": ""2016,2018,2020,2022,2024_결혼에_대한_견해_13세_이상_인구__20260715194527.xlsx""}"
childbirth_perception,1,response_distribution,,"2018,2020,2022,2024_결혼문화에_대한_태도__결혼하면_자녀를_가져야_한다__13세_이상_인구__20260715194802.csv",file_name,"2018,2020,2022,2024_결혼문화에_대한_태도__결혼하면_자녀를_가져야_한다__13세_이상_인구__20260715194802.csv",True,,"{""role"": ""response_distribution"", ""id"": ""14V-O1No1-p4-BDejnYCx7O308brzo2hS"", ""file_name"": ""2018,2020,2022,2024_결혼문화에_대한_태도__결혼하면_자녀를_가져야_한다__13세_이상_인구__20260715194802.csv""}"
housework_gender_equality,1,response_distribution,,"2016,2018,2020,2022,2024_가사_분담에_대한_견해_13세_이상_인구__20260715194953.csv",file_name,"2016,2018,2020,2022,2024_가사_분담에_대한_견해_13세_이상_인구__20260715194953.csv",True,,"{""role"": ""response_distribution"", ""id"": ""1JeHiUpiZQHy_T3Qjb5y89yRIxCRtLT_g"", ""file_name"": ""2016,2018,2020,2022,2024_가사_분담에_대한_견해_13세_이상_인구__20260715194953.csv""}"
youth_regular_employment_rate,1,microdata,통계청 MDIS 지역별고용조사 C형(시도 중분류 부가항목),,source,통계청 MDIS 지역별고용조사 C형(시도 중분류 부가항목),True,,"{""role"": ""microdata"", ""source"": ""통계청 MDIS 지역별고용조사 C형(시도 중분류 부가항목)"", ""survey_name"": ""지역별고용조사"", ""data_type"": ""C형 시도 중분류 부가항목 마이크로데이터 CSV"", ""analysis_years"": ""2016–2024년 상·하반기(18개 시점)"", ""mdis_extract"": ""반기 C형 시도 중분류 부가항목"", ""file_pattern"": ""{연도}_{상반기|하반기}(C형_시도_중분류_부가항목)_*.csv"", ""local_path"": ""data/raw/구조환경지수 원데이터 구축용/지역별고용조사/"", ""auxiliary_materials"": [""지역별고용조사 연도별 파일설계서·코드북"", ""시도 지역코드 매핑 자료"", ""강권오·황은진(2025), 제주지역 출산환경지수 개발 연구 p.87의 2024년 상반기 제주 기준값""], ""note"": ""원자료·MDIS 다운로드 내역은 Git 미포함, 재현 시 MDIS 재다운로드 필요""}"
housing_price,1,microdata,MDIS 주거실태조사 일반가구(제공) 0717 추출본,,source,MDIS 주거실태조사 일반가구(제공) 0717 추출본,True,,"{""role"": ""microdata"", ""source"": ""MDIS 주거실태조사 일반가구(제공) 0717 추출본"", ""survey_name"": ""주거실태조사"", ""data_type"": ""일반가구(제공) 마이크로데이터 CSV"", ""analysis_years"": ""2016–2024년"", ""mdis_extract"": ""0717 추출본(현재 주택가격용)"", ""file_pattern"": ""{연도}_일반가구_*.csv"", ""local_path"": ""data/raw/구조환경지수 원데이터 구축용/주거실태조사/0717/"", ""auxiliary_materials"": [""0717 CSV 헤더의 현재 주택가격(만원) 변수 정의"", ""연도별 지역코드 매핑 자료"", ""제주여성가족연구원(2025), 제주지역 출산환경지수 개발 연구의 1/n 산술평균 정의와 2023년 제주 기준값""]}"
housing_price,2,comparison_series,한국부동산원 월별 중위매매가격(주택종합),,source,한국부동산원 월별 중위매매가격(주택종합),False,QA comparison series,"{""role"": ""comparison_series"", ""source"": ""한국부동산원 월별 중위매매가격(주택종합)"", ""data_type"": ""전국·17개 시도 월별 CSV"", ""analysis_years"": ""2016–2024년(108개월)"", ""file_pattern"": ""(월) 중위매매가격_주택종합.csv"", ""local_path"": ""data/raw/구조환경지수 원데이터 구축용/주거실태조사/"", ""note"": ""현재 주택가격 본계열과의 비교 보조자료로만 사용""}"
household_own_occupancy_rate,1,microdata,MDIS 주거실태조사 일반가구(제공) 0727 추출본,,source,MDIS 주거실태조사 일반가구(제공) 0727 추출본,True,,"{""role"": ""microdata"", ""source"": ""MDIS 주거실태조사 일반가구(제공) 0727 추출본"", ""survey_name"": ""주거실태조사"", ""data_type"": ""일반가구(제공) 마이크로데이터 CSV"", ""analysis_years"": ""2016–2024년"", ""mdis_extract"": ""0727 추출본(점유형태·최종가중치 포함)"", ""file_pattern"": ""{연도}_일반가구_*.csv"", ""local_path"": ""data/raw/구조환경지수 원데이터 구축용/주거실태조사/0727/"", ""auxiliary_materials"": [""2016–2024년 주거실태조사 파일설계서·코드북"", ""전국·17개 시도 지역코드 매핑 자료"", ""제주여성가족연구원(2025), 제주지역 출산환경지수 개발 연구의 2023년 제주 기준값""]}"
renter_household_annual_housing_cost_hcc,1,microdata,MDIS 주거실태조사 일반가구(제공) 0727 추출본,,source,MDIS 주거실태조사 일반가구(제공) 0727 추출본,True,,"{""role"": ""microdata"", ""source"": ""MDIS 주거실태조사 일반가구(제공) 0727 추출본"", ""survey_name"": ""주거실태조사"", ""data_type"": ""일반가구(제공) 마이크로데이터 CSV"", ""analysis_years"": ""2016–2024년"", ""mdis_extract"": ""0727 추출본(점유형태·보증금·월세 포함)"", ""file_pattern"": ""{연도}_일반가구_*.csv"", ""local_path"": ""data/raw/구조환경지수 원데이터 구축용/주거실태조사/0727/"", ""auxiliary_materials"": [""2016–2024년 주거실태조사 파일설계서·코드북"", ""전국·17개 시도 지역코드 매핑 자료"", ""보증금·월세·점유형태 변수 및 HCC 산식 정의 자료""]}"
renter_household_annual_housing_cost_hcc,2,conversion_rate,KOSIS 한국부동산원 지역별 전월세전환율,,source,KOSIS 한국부동산원 지역별 전월세전환율,True,,"{""role"": ""conversion_rate"", ""source"": ""KOSIS 한국부동산원 지역별 전월세전환율"", ""data_type"": ""전국·17개 시도 월별 CSV"", ""analysis_years"": ""2016–2024년(108개월)"", ""file_pattern"": ""*KOSIS*전월세전환율*.csv"", ""local_path"": ""data/raw/구조환경지수 원데이터 구축용/주거실태조사/"", ""note"": ""지역·연도별 월값 12개의 연평균을 HCC 계산에 적용""}"
household_chore_equal_participation,1,microdata,국가데이터처 MDIS 가족실태조사 총괄 원자료,,source,국가데이터처 MDIS 가족실태조사 총괄 원자료,True,,"{""role"": ""microdata"", ""source"": ""국가데이터처 MDIS 가족실태조사 총괄 원자료"", ""survey_name"": ""가족실태조사"", ""data_type"": ""총괄 마이크로데이터 CSV"", ""analysis_years"": ""2020년·2023년"", ""mdis_extract"": ""2020·2023년 총괄, 2026-07-26 추출(88104)"", ""file_pattern"": ""{2020|2023}_총괄_20260726_88104.csv"", ""local_path"": ""data/raw/구조환경지수 원데이터 구축용/가족실태조사/"", ""auxiliary_materials"": [""2020년 가족실태조사 조사표·파일설계서"", ""2023년 제5차 가족실태조사 조사표 부록·파일설계서"", ""전국·17개 시도 지역코드 매핑 자료""]}"
childcare_equal_participation,1,microdata,국가데이터처 MDIS 가족실태조사 총괄 원자료,,source,국가데이터처 MDIS 가족실태조사 총괄 원자료,True,,"{""role"": ""microdata"", ""source"": ""국가데이터처 MDIS 가족실태조사 총괄 원자료"", ""survey_name"": ""가족실태조사"", ""data_type"": ""총괄 마이크로데이터 CSV"", ""analysis_years"": ""2020년·2023년"", ""mdis_extract"": ""2020·2023년 총괄, 2026-07-26 추출(88104)"", ""file_pattern"": ""{2020|2023}_총괄_20260726_88104.csv"", ""local_path"": ""data/raw/구조환경지수 원데이터 구축용/가족실태조사/"", ""auxiliary_materials"": [""2020년 가족실태조사 조사표·파일설계서"", ""2023년 제5차 가족실태조사 조사표 부록·파일설계서"", ""전국·17개 시도 지역코드 매핑 자료""]}"
socioeconomic_status_perception,1,microdata,국가데이터처 MDIS 가족실태조사 총괄 원자료,,source,국가데이터처 MDIS 가족실태조사 총괄 원자료,True,,"{""role"": ""microdata"", ""source"": ""국가데이터처 MDIS 가족실태조사 총괄 원자료"", ""survey_name"": ""가족실태조사"", ""data_type"": ""총괄 마이크로데이터 CSV"", ""analysis_years"": ""2020년·2023년"", ""mdis_extract"": ""2020·2023년 총괄, 2026-07-26 추출(88104)"", ""file_pattern"": ""{2020|2023}_총괄_20260726_88104.csv"", ""local_path"": ""data/raw/구조환경지수 원데이터 구축용/가족실태조사/"", ""auxiliary_materials"": [""2020년 가족실태조사 조사표·파일설계서"", ""2023년 제5차 가족실태조사 조사표 부록·파일설계서"", ""전국·17개 시도 지역코드 매핑 자료""]}"
