공식원본행,기업(관)명,기업(관)분류,공식_지역,부분일치_오배정_지역,소재지,오류원인,정상화_검증
95,한국청소년상담복지개발원,공공기관,부산,대구,부산광역시 해운대구,주소 전체 문자열에서 시도명 부분일치,부산
293,주식회사 벡스코,공공기관,부산,대구,부산광역시 해운대구,주소 전체 문자열에서 시도명 부분일치,부산
472,경기도 광주시청,공공기관,경기,광주,경기도 광주시,주소 전체 문자열에서 시도명 부분일치,경기
505,부산광역시 해운대구청,공공기관,부산,대구,부산광역시 해운대구,주소 전체 문자열에서 시도명 부분일치,부산
517,영화진흥위원회,공공기관,부산,대구,부산광역시 해운대구,주소 전체 문자열에서 시도명 부분일치,부산
675,제노,중소기업,부산,대구,부산광역시 해운대구,주소 전체 문자열에서 시도명 부분일치,부산
710,(재)영화의전당,공공기관,부산,대구,부산광역시 해운대구,주소 전체 문자열에서 시도명 부분일치,부산
719,게임물관리위원회,공공기관,부산,대구,부산광역시 해운대구,주소 전체 문자열에서 시도명 부분일치,부산
958,광주도시관리공사,공공기관,경기,광주,경기도 광주시,주소 전체 문자열에서 시도명 부분일치,경기
1069,(주)동성모터스,대기업,부산,대구,부산광역시 해운대구,주소 전체 문자열에서 시도명 부분일치,부산
1098,주식회사 마이비,대기업,부산,대구,부산광역시 해운대구,주소 전체 문자열에서 시도명 부분일치,부산
1196,(주)코리아트리즈,중소기업,부산,대구,부산광역시 해운대구,주소 전체 문자열에서 시도명 부분일치,부산
1268,실내환경연구소 주식회사,중소기업,부산,대구,부산광역시 해운대구,주소 전체 문자열에서 시도명 부분일치,부산
1536,영상물등급위원회,공공기관,부산,대구,부산광역시 해운대구,주소 전체 문자열에서 시도명 부분일치,부산
1555,재단법인 APEC기후센터,공공기관,부산,대구,부산광역시 해운대구,주소 전체 문자열에서 시도명 부분일치,부산
1648,한국문화진흥(주),공공기관,경기,광주,경기도 광주시,주소 전체 문자열에서 시도명 부분일치,경기
1773,(주)석보유통,중소기업,경기,광주,경기도 광주시,주소 전체 문자열에서 시도명 부분일치,경기
1929,주식회사 메라클,중소기업,부산,대구,부산광역시 해운대구,주소 전체 문자열에서 시도명 부분일치,부산
1953,주식회사 아이오티플렉스,중소기업,부산,대구,부산광역시 해운대구,주소 전체 문자열에서 시도명 부분일치,부산
2184,(주)영일산업,중소기업,경기,광주,경기도 광주시,주소 전체 문자열에서 시도명 부분일치,경기
2254,더블유에스치과병원,중소기업,부산,대구,부산광역시 해운대구,주소 전체 문자열에서 시도명 부분일치,부산
2356,주식회사 엔디소프트,중소기업,부산,대구,부산광역시 해운대구,주소 전체 문자열에서 시도명 부분일치,부산
2392,주식회사 포유커뮤니케이션즈,중소기업,부산,대구,부산광역시 해운대구,주소 전체 문자열에서 시도명 부분일치,부산
2428,해운대나눔과행복병원,중소기업,부산,대구,부산광역시 해운대구,주소 전체 문자열에서 시도명 부분일치,부산
2433,(재)부산디자인진흥원,공공기관,부산,대구,부산광역시 해운대구,주소 전체 문자열에서 시도명 부분일치,부산
2449,재단법인 경기도농수산진흥원,공공기관,경기,광주,경기도 광주시,주소 전체 문자열에서 시도명 부분일치,경기
2455,부산과학기술고등교육진흥원,공공기관,부산,대구,부산광역시 해운대구,주소 전체 문자열에서 시도명 부분일치,부산
2570,(주)씨웰,중소기업,부산,대구,부산광역시 해운대구,주소 전체 문자열에서 시도명 부분일치,부산
2607,(주)유시스,중소기업,부산,대구,부산광역시 해운대구,주소 전체 문자열에서 시도명 부분일치,부산
2845,주식회사 모두싸인,중소기업,부산,대구,부산광역시 해운대구,주소 전체 문자열에서 시도명 부분일치,부산
2947,주식회사 큐티티,중소기업,부산,대구,부산광역시 해운대구,주소 전체 문자열에서 시도명 부분일치,부산
2994,피앤비솔루션(주),중소기업,부산,대구,부산광역시 해운대구,주소 전체 문자열에서 시도명 부분일치,부산
3068,한국해양진흥공사,공공기관,부산,대구,부산광역시 해운대구,주소 전체 문자열에서 시도명 부분일치,부산
3160,(주)더웹스,중소기업,부산,대구,부산광역시 해운대구,주소 전체 문자열에서 시도명 부분일치,부산
3171,(주)디아이앤씨,중소기업,부산,대구,부산광역시 해운대구,주소 전체 문자열에서 시도명 부분일치,부산
3172,(주)디에스정보기술,중소기업,경기,광주,경기도 광주시,주소 전체 문자열에서 시도명 부분일치,경기
3306,두레소비자생활협동조합연합회,중소기업,경기,광주,경기도 광주시,주소 전체 문자열에서 시도명 부분일치,경기
3310,말랑하니 주식회사,중소기업,부산,대구,부산광역시 해운대구,주소 전체 문자열에서 시도명 부분일치,부산
3315,주식회사 뉴로서킷,중소기업,부산,대구,부산광역시 해운대구,주소 전체 문자열에서 시도명 부분일치,부산
3332,센텀소중한눈안과의원,중소기업,부산,대구,부산광역시 해운대구,주소 전체 문자열에서 시도명 부분일치,부산
3399,주식회사 루덴스,중소기업,부산,대구,부산광역시 해운대구,주소 전체 문자열에서 시도명 부분일치,부산
3415,주식회사 비젠커뮤니케이션,중소기업,부산,대구,부산광역시 해운대구,주소 전체 문자열에서 시도명 부분일치,부산
3421,주식회사 세기시스템,중소기업,부산,대구,부산광역시 해운대구,주소 전체 문자열에서 시도명 부분일치,부산
3581,효성직업전문학교,중소기업,부산,대구,부산광역시 해운대구,주소 전체 문자열에서 시도명 부분일치,부산
3617,한국고용노동교육원,공공기관,경기,광주,경기도 광주시,주소 전체 문자열에서 시도명 부분일치,경기
3703,현대글로벌서비스 주식회사,대기업,부산,대구,부산광역시 해운대구,주소 전체 문자열에서 시도명 부분일치,부산
3748,(주)루메나,중소기업,부산,대구,부산광역시 해운대구,주소 전체 문자열에서 시도명 부분일치,부산
3835,(주)주경,중소기업,경기,광주,경기도 광주시,주소 전체 문자열에서 시도명 부분일치,경기
3848,(주)케이엠에스,중소기업,경기,광주,경기도 광주시,주소 전체 문자열에서 시도명 부분일치,경기
3912,농업회사법인주식회사에쓰와이푸드,중소기업,경기,광주,경기도 광주시,주소 전체 문자열에서 시도명 부분일치,경기
3994,세준푸드 농업회사법인 주식회사,중소기업,경기,광주,경기도 광주시,주소 전체 문자열에서 시도명 부분일치,경기
4091,잼머스,중소기업,부산,대구,부산광역시 해운대구,주소 전체 문자열에서 시도명 부분일치,부산
4146,주식회사 동양종합기술공사,중소기업,부산,대구,부산광역시 해운대구,주소 전체 문자열에서 시도명 부분일치,부산
4528,(주)오토닉스,대기업,부산,대구,부산광역시 해운대구,주소 전체 문자열에서 시도명 부분일치,부산
4666,(주)목양산업,중소기업,경기,광주,경기도 광주시,주소 전체 문자열에서 시도명 부분일치,경기
4722,(주)오래,중소기업,부산,대구,부산광역시 해운대구,주소 전체 문자열에서 시도명 부분일치,부산
4733,(주)웅진통신,중소기업,부산,대구,부산광역시 해운대구,주소 전체 문자열에서 시도명 부분일치,부산
4824,글로벌마린서비스 주식회사,중소기업,부산,대구,부산광역시 해운대구,주소 전체 문자열에서 시도명 부분일치,부산
4842,닥터메타(주),중소기업,부산,대구,부산광역시 해운대구,주소 전체 문자열에서 시도명 부분일치,부산
4921,에이티알 주식회사,중소기업,부산,대구,부산광역시 해운대구,주소 전체 문자열에서 시도명 부분일치,부산
4951,이유사회적협동조합,중소기업,부산,대구,부산광역시 해운대구,주소 전체 문자열에서 시도명 부분일치,부산
5131,주식회사 에스딘,중소기업,부산,대구,부산광역시 해운대구,주소 전체 문자열에서 시도명 부분일치,부산
5152,주식회사 엠바스,중소기업,부산,대구,부산광역시 해운대구,주소 전체 문자열에서 시도명 부분일치,부산
5268,주식회사 퍼스카,중소기업,부산,대구,부산광역시 해운대구,주소 전체 문자열에서 시도명 부분일치,부산
5362,호호에듀 주식회사,중소기업,부산,대구,부산광역시 해운대구,주소 전체 문자열에서 시도명 부분일치,부산
5400,제53보병사단,공공기관,부산,대구,부산광역시 해운대구,주소 전체 문자열에서 시도명 부분일치,부산
5564,(주)뉴라이즌,중소기업,부산,대구,부산광역시 해운대구,주소 전체 문자열에서 시도명 부분일치,부산
5587,(주)딜리버드코리아,중소기업,부산,대구,부산광역시 해운대구,주소 전체 문자열에서 시도명 부분일치,부산
5635,(주)스마트빅,중소기업,부산,대구,부산광역시 해운대구,주소 전체 문자열에서 시도명 부분일치,부산
5639,(주)식판천사,중소기업,경기,광주,경기도 광주시,주소 전체 문자열에서 시도명 부분일치,경기
5671,(주)에이비엠,중소기업,부산,대구,부산광역시 해운대구,주소 전체 문자열에서 시도명 부분일치,부산
5714,(주)이지웨이,중소기업,경기,광주,경기도 광주시,주소 전체 문자열에서 시도명 부분일치,경기
5775,(주)포엠통상,중소기업,경기,광주,경기도 광주시,주소 전체 문자열에서 시도명 부분일치,경기
5793,(주)한울정보통신,중소기업,부산,대구,부산광역시 해운대구,주소 전체 문자열에서 시도명 부분일치,부산
5875,삼부산업(주),중소기업,경기,광주,경기도 광주시,주소 전체 문자열에서 시도명 부분일치,경기
6054,주식회사 마인드플러스,중소기업,부산,대구,부산광역시 해운대구,주소 전체 문자열에서 시도명 부분일치,부산
6318,주식회사 케어닥,중소기업,부산,대구,부산광역시 해운대구,주소 전체 문자열에서 시도명 부분일치,부산
6379,주식회사 한탑,중소기업,경기,광주,경기도 광주시,주소 전체 문자열에서 시도명 부분일치,경기
6475,재단법인 광주시문화재단,공공기관,경기,광주,경기도 광주시,주소 전체 문자열에서 시도명 부분일치,경기
