지역,지표_id,연도,추정_분자,사업체수_분모,추정_비율,방법,근거,반영유형,관측상태,QA_상태
강원,family_friendly_certification_rate,2017,70.10434445306439,59771,0.11728822414392329,raking,"2016·2018 지역 분자 선형보간 후 전국 실측 분자 합계(2,802)로 raking","raking 추정치 반영(본계열, 이슈 #70 팀 결정 2026-08-06)",추정,PASS
경기,family_friendly_certification_rate,2017,436.9294026377036,492066,0.08879487764602789,raking,"2016·2018 지역 분자 선형보간 후 전국 실측 분자 합계(2,802)로 raking","raking 추정치 반영(본계열, 이슈 #70 팀 결정 2026-08-06)",추정,PASS
경남,family_friendly_certification_rate,2017,151.07757951900697,125540,0.12034218537438823,raking,"2016·2018 지역 분자 선형보간 후 전국 실측 분자 합계(2,802)로 raking","raking 추정치 반영(본계열, 이슈 #70 팀 결정 2026-08-06)",추정,PASS
경북,family_friendly_certification_rate,2017,88.58145849495732,95968,0.09230312030568244,raking,"2016·2018 지역 분자 선형보간 후 전국 실측 분자 합계(2,802)로 raking","raking 추정치 반영(본계열, 이슈 #70 팀 결정 2026-08-06)",추정,PASS
광주,family_friendly_certification_rate,2017,48.366563227307985,60472,0.07998174895374385,raking,"2016·2018 지역 분자 선형보간 후 전국 실측 분자 합계(2,802)로 raking","raking 추정치 반영(본계열, 이슈 #70 팀 결정 2026-08-06)",추정,PASS
대구,family_friendly_certification_rate,2017,82.06012412723041,96006,0.08547395384374978,raking,"2016·2018 지역 분자 선형보간 후 전국 실측 분자 합계(2,802)로 raking","raking 추정치 반영(본계열, 이슈 #70 팀 결정 2026-08-06)",추정,PASS
대전,family_friendly_certification_rate,2017,247.26726144297902,56206,0.43993036587371287,raking,"2016·2018 지역 분자 선형보간 후 전국 실측 분자 합계(2,802)로 raking","raking 추정치 반영(본계열, 이슈 #70 팀 결정 2026-08-06)",추정,PASS
부산,family_friendly_certification_rate,2017,174.44569433669508,142257,0.12262714266200966,raking,"2016·2018 지역 분자 선형보간 후 전국 실측 분자 합계(2,802)로 raking","raking 추정치 반영(본계열, 이슈 #70 팀 결정 2026-08-06)",추정,PASS
서울,family_friendly_certification_rate,2017,768.4305663304887,447316,0.1717869618637582,raking,"2016·2018 지역 분자 선형보간 후 전국 실측 분자 합계(2,802)로 raking","raking 추정치 반영(본계열, 이슈 #70 팀 결정 2026-08-06)",추정,PASS
세종,family_friendly_certification_rate,2017,52.170674941815356,7668,0.6803687394602942,raking,"2016·2018 지역 분자 선형보간 후 전국 실측 분자 합계(2,802)로 raking","raking 추정치 반영(본계열, 이슈 #70 팀 결정 2026-08-06)",추정,PASS
울산,family_friendly_certification_rate,2017,32.6066718386346,39896,0.08172917545276367,raking,"2016·2018 지역 분자 선형보간 후 전국 실측 분자 합계(2,802)로 raking","raking 추정치 반영(본계열, 이슈 #70 팀 결정 2026-08-06)",추정,PASS
인천,family_friendly_certification_rate,2017,97.82001551590379,96985,0.1008609738783356,raking,"2016·2018 지역 분자 선형보간 후 전국 실측 분자 합계(2,802)로 raking","raking 추정치 반영(본계열, 이슈 #70 팀 결정 2026-08-06)",추정,PASS
전남,family_friendly_certification_rate,2017,92.38557020946469,66543,0.13883589590109358,raking,"2016·2018 지역 분자 선형보간 후 전국 실측 분자 합계(2,802)로 raking","raking 추정치 반영(본계열, 이슈 #70 팀 결정 2026-08-06)",추정,PASS
전북,family_friendly_certification_rate,2017,74.45190069821567,66148,0.11255351741279505,raking,"2016·2018 지역 분자 선형보간 후 전국 실측 분자 합계(2,802)로 raking","raking 추정치 반영(본계열, 이슈 #70 팀 결정 2026-08-06)",추정,PASS
제주,family_friendly_certification_rate,2017,39.67145073700543,28265,0.1403553891279159,raking,"2016·2018 지역 분자 선형보간 후 전국 실측 분자 합계(2,802)로 raking","raking 추정치 반영(본계열, 이슈 #70 팀 결정 2026-08-06)",추정,PASS
충남,family_friendly_certification_rate,2017,154.88169123351435,77231,0.20054342328017807,raking,"2016·2018 지역 분자 선형보간 후 전국 실측 분자 합계(2,802)로 raking","raking 추정치 반영(본계열, 이슈 #70 팀 결정 2026-08-06)",추정,PASS
충북,family_friendly_certification_rate,2017,190.7490302560124,59369,0.32129399224513194,raking,"2016·2018 지역 분자 선형보간 후 전국 실측 분자 합계(2,802)로 raking","raking 추정치 반영(본계열, 이슈 #70 팀 결정 2026-08-06)",추정,PASS
강원,family_friendly_certification_rate,2019,95.47509128847157,65701,0.14531756181560643,raking,"2018·2020 지역 분자 선형보간 후 전국 실측 분자 합계(3,833)로 raking","raking 추정치 반영(본계열, 이슈 #70 팀 결정 2026-08-06)",추정,PASS
경기,family_friendly_certification_rate,2019,625.336854460094,530438,0.11789065912700333,raking,"2018·2020 지역 분자 선형보간 후 전국 실측 분자 합계(3,833)로 raking","raking 추정치 반영(본계열, 이슈 #70 팀 결정 2026-08-06)",추정,PASS
경남,family_friendly_certification_rate,2019,171.45526864893063,133988,0.12796315240837286,raking,"2018·2020 지역 분자 선형보간 후 전국 실측 분자 합계(3,833)로 raking","raking 추정치 반영(본계열, 이슈 #70 팀 결정 2026-08-06)",추정,PASS
경북,family_friendly_certification_rate,2019,142.46283255086072,104466,0.1363724394069465,raking,"2018·2020 지역 분자 선형보간 후 전국 실측 분자 합계(3,833)로 raking","raking 추정치 반영(본계열, 이슈 #70 팀 결정 2026-08-06)",추정,PASS
광주,family_friendly_certification_rate,2019,78.9793948878456,64727,0.12201924218308527,raking,"2018·2020 지역 분자 선형보간 후 전국 실측 분자 합계(3,833)로 raking","raking 추정치 반영(본계열, 이슈 #70 팀 결정 2026-08-06)",추정,PASS
대구,family_friendly_certification_rate,2019,114.47013562858633,98972,0.11565911129267505,raking,"2018·2020 지역 분자 선형보간 후 전국 실측 분자 합계(3,833)로 raking","raking 추정치 반영(본계열, 이슈 #70 팀 결정 2026-08-06)",추정,PASS
대전,family_friendly_certification_rate,2019,304.92044861763173,59585,0.5117402846649857,raking,"2018·2020 지역 분자 선형보간 후 전국 실측 분자 합계(3,833)로 raking","raking 추정치 반영(본계열, 이슈 #70 팀 결정 2026-08-06)",추정,PASS
부산,family_friendly_certification_rate,2019,226.44092331768388,147715,0.153295821898713,raking,"2018·2020 지역 분자 선형보간 후 전국 실측 분자 합계(3,833)로 raking","raking 추정치 반영(본계열, 이슈 #70 팀 결정 2026-08-06)",추정,PASS
서울,family_friendly_certification_rate,2019,1033.7303077725612,455160,0.22711361010909598,raking,"2018·2020 지역 분자 선형보간 후 전국 실측 분자 합계(3,833)로 raking","raking 추정치 반영(본계열, 이슈 #70 팀 결정 2026-08-06)",추정,PASS
세종,family_friendly_certification_rate,2019,77.97965571205008,10292,0.7576725195496509,raking,"2018·2020 지역 분자 선형보간 후 전국 실측 분자 합계(3,833)로 raking","raking 추정치 반영(본계열, 이슈 #70 팀 결정 2026-08-06)",추정,PASS
울산,family_friendly_certification_rate,2019,49.98695878977569,42153,0.11858458185603798,raking,"2018·2020 지역 분자 선형보간 후 전국 실측 분자 합계(3,833)로 raking","raking 추정치 반영(본계열, 이슈 #70 팀 결정 2026-08-06)",추정,PASS
인천,family_friendly_certification_rate,2019,136.9642670839854,104512,0.13105123534520952,raking,"2018·2020 지역 분자 선형보간 후 전국 실측 분자 합계(3,833)로 raking","raking 추정치 반영(본계열, 이슈 #70 팀 결정 2026-08-06)",추정,PASS
전남,family_friendly_certification_rate,2019,130.96583202921232,73196,0.1789248483922787,raking,"2018·2020 지역 분자 선형보간 후 전국 실측 분자 합계(3,833)로 raking","raking 추정치 반영(본계열, 이슈 #70 팀 결정 2026-08-06)",추정,PASS
전북,family_friendly_certification_rate,2019,109.97130933750653,71781,0.1532039249070179,raking,"2018·2020 지역 분자 선형보간 후 전국 실측 분자 합계(3,833)로 raking","raking 추정치 반영(본계열, 이슈 #70 팀 결정 2026-08-06)",추정,PASS
제주,family_friendly_certification_rate,2019,68.4821335419927,31752,0.2156781731607228,raking,"2018·2020 지역 분자 선형보간 후 전국 실측 분자 합계(3,833)로 raking","raking 추정치 반영(본계열, 이슈 #70 팀 결정 2026-08-06)",추정,PASS
충남,family_friendly_certification_rate,2019,213.94418362023995,86455,0.24746305432911914,raking,"2018·2020 지역 분자 선형보간 후 전국 실측 분자 합계(3,833)로 raking","raking 추정치 반영(본계열, 이슈 #70 팀 결정 2026-08-06)",추정,PASS
충북,family_friendly_certification_rate,2019,251.43440271257174,65263,0.3852633233418196,raking,"2018·2020 지역 분자 선형보간 후 전국 실측 분자 합계(3,833)로 raking","raking 추정치 반영(본계열, 이슈 #70 팀 결정 2026-08-06)",추정,PASS
