연도,소비자물가지수,전년대비상승률_pct,기준연도,대상범위,주기,출처기관,출처통계,공표일,출처URL,조회일
2016,83.786765,0.5,2024=100,전국,연평균,통계청,소비자물가조사,2024-12-31,https://www.kostat.go.kr/boardDownload.es?bid=5146&list_no=434618&seq=6,2026-07-27
2017,85.339636,1.9,2024=100,전국,연평균,통계청,소비자물가조사,2024-12-31,https://www.kostat.go.kr/boardDownload.es?bid=5146&list_no=434618&seq=6,2026-07-27
2018,86.797969,1.7,2024=100,전국,연평균,통계청,소비자물가조사,2024-12-31,https://www.kostat.go.kr/boardDownload.es?bid=5146&list_no=434618&seq=6,2026-07-27
2019,87.068452,0.3,2024=100,전국,연평균,통계청,소비자물가조사,2024-12-31,https://www.kostat.go.kr/boardDownload.es?bid=5146&list_no=434618&seq=6,2026-07-27
2020,87.535014,0.5,2024=100,전국,연평균,통계청,소비자물가조사,2024-12-31,https://www.kostat.go.kr/boardDownload.es?bid=5146&list_no=434618&seq=6,2026-07-27
2021,89.802171,2.6,2024=100,전국,연평균,통계청,소비자물가조사,2024-12-31,https://www.kostat.go.kr/boardDownload.es?bid=5146&list_no=434618&seq=6,2026-07-27
2022,94.590336,5.3,2024=100,전국,연평균,통계청,소비자물가조사,2024-12-31,https://www.kostat.go.kr/boardDownload.es?bid=5146&list_no=434618&seq=6,2026-07-27
2023,97.706583,3.3,2024=100,전국,연평균,통계청,소비자물가조사,2024-12-31,https://www.kostat.go.kr/boardDownload.es?bid=5146&list_no=434618&seq=6,2026-07-27
2024,100.0,2.3,2024=100,전국,연평균,통계청,소비자물가조사,2024-12-31,https://www.kostat.go.kr/boardDownload.es?bid=5146&list_no=434618&seq=6,2026-07-27
