지역,대분류,중분류,원본_소계값,원본_소계출처,leaf_합계,차이,절대차이,오차율(%),절대오차율(%),QA_병합상태,결과,허용기준결과,판정불가_사유
강원,Ⅰ. 공통사업,1. 함께 돌보고 함께 일하는 사회(공통사업),640662.0,별도소계행,640538,-124.0,124.0,-0.02,0.02,양쪽존재,불일치,허용,
강원,Ⅰ. 공통사업,2. 함께 만들어가는 행복한 노후(공통사업),753171.0,별도소계행,753171,0.0,0.0,0.0,0.0,양쪽존재,일치,허용,
강원,Ⅰ. 공통사업,3. 인구변화 적극대비(공통사업),398.0,별도소계행,398,0.0,0.0,0.0,0.0,양쪽존재,일치,허용,
강원,Ⅱ. 자체사업,1. 함께 돌보고 함께 일하는 사회(자체사업),116209.0,별도소계행,116210,1.0,1.0,0.0,0.0,양쪽존재,불일치,허용,
강원,Ⅱ. 자체사업,2. 함께 만들어가는 행복한 노후(자체사업),98743.0,별도소계행,98743,0.0,0.0,0.0,0.0,양쪽존재,일치,허용,
강원,Ⅱ. 자체사업,3. 인구변화 적극대비(자체사업),1122.0,별도소계행,1122,0.0,0.0,0.0,0.0,양쪽존재,일치,허용,
경기,Ⅰ. 공통사업,1. 함께 돌보고 함께 일하는 사회(공통사업),4279539.0,별도소계행,4279539,0.0,0.0,0.0,0.0,양쪽존재,일치,허용,
경기,Ⅰ. 공통사업,2. 함께 만들어가는 행복한 노후(공통사업),3013895.0,별도소계행,3013895,0.0,0.0,0.0,0.0,양쪽존재,일치,허용,
경기,Ⅰ. 공통사업,3. 인구변화 적극대비(공통사업),,중분류제목행,39,,,,,양쪽존재,판정불가,판정불가,원본 소계값 결측
경기,Ⅱ. 자체사업,1. 함께 돌보고 함께 일하는 사회(자체사업),806708.0,별도소계행,806715,7.0,7.0,0.0,0.0,양쪽존재,불일치,허용,
경기,Ⅱ. 자체사업,2. 함께 만들어가는 행복한 노후(자체사업),520135.0,별도소계행,520136,1.0,1.0,0.0,0.0,양쪽존재,불일치,허용,
경기,Ⅱ. 자체사업,3. 인구변화 적극대비(자체사업),21346.0,별도소계행,21346,0.0,0.0,0.0,0.0,양쪽존재,일치,허용,
경남,Ⅰ. 공통사업,1. 함께 돌보고 함께 일하는 사회(공통사업),1281969.0,별도소계행,1282321,352.0,352.0,0.03,0.03,양쪽존재,불일치,허용,
경남,Ⅰ. 공통사업,2. 함께 만들어가는 행복한 노후(공통사업),1269795.0,별도소계행,1269795,0.0,0.0,0.0,0.0,양쪽존재,일치,허용,
경남,Ⅰ. 공통사업,3. 인구변화 적극대비(공통사업),,중분류제목행,39,,,,,양쪽존재,판정불가,판정불가,원본 소계값 결측
경남,Ⅱ. 자체사업,1. 함께 돌보고 함께 일하는 사회(자체사업),231780.0,별도소계행,231781,1.0,1.0,0.0,0.0,양쪽존재,불일치,허용,
경남,Ⅱ. 자체사업,2. 함께 만들어가는 행복한 노후(자체사업),40357.0,별도소계행,40358,1.0,1.0,0.0,0.0,양쪽존재,불일치,허용,
경남,Ⅱ. 자체사업,3. 인구변화 적극대비(자체사업),6806.0,별도소계행,6806,0.0,0.0,0.0,0.0,양쪽존재,일치,허용,
경북,Ⅰ. 공통사업,1. 함께 돌보고 함께 일하는 사회(공통사업),794352.0,별도소계행,794352,0.0,0.0,0.0,0.0,양쪽존재,일치,허용,
경북,Ⅰ. 공통사업,2. 함께 만들어가는 행복한 노후(공통사업),1249773.0,별도소계행,1249772,-1.0,1.0,-0.0,0.0,양쪽존재,불일치,허용,
경북,Ⅰ. 공통사업,3. 인구변화 적극대비(공통사업),,중분류제목행,39,,,,,양쪽존재,판정불가,판정불가,원본 소계값 결측
경북,Ⅱ. 자체사업,1. 함께 돌보고 함께 일하는 사회(자체사업),117356.0,별도소계행,117359,3.0,3.0,0.0,0.0,양쪽존재,불일치,허용,
경북,Ⅱ. 자체사업,2. 함께 만들어가는 행복한 노후(자체사업),68206.0,별도소계행,68206,0.0,0.0,0.0,0.0,양쪽존재,일치,허용,
경북,Ⅱ. 자체사업,3. 인구변화 적극대비(자체사업),2533.0,별도소계행,2533,0.0,0.0,0.0,0.0,양쪽존재,일치,허용,
광주,Ⅰ. 공통사업,1. 함께 돌보고 함께 일하는 사회(공통사업),567062.0,별도소계행,567062,0.0,0.0,0.0,0.0,양쪽존재,일치,허용,
광주,Ⅰ. 공통사업,2. 함께 만들어가는 행복한 노후(공통사업),400246.0,별도소계행,400246,0.0,0.0,0.0,0.0,양쪽존재,일치,허용,
광주,Ⅱ. 자체사업,1. 함께 돌보고 함께 일하는 사회(자체사업),52669.0,별도소계행,52668,-1.0,1.0,-0.0,0.0,양쪽존재,불일치,허용,
광주,Ⅱ. 자체사업,2. 함께 만들어가는 행복한 노후(자체사업),67761.0,별도소계행,67762,1.0,1.0,0.0,0.0,양쪽존재,불일치,허용,
광주,Ⅱ. 자체사업,3. 인구변화 적극대비(자체사업),291.0,별도소계행,291,0.0,0.0,0.0,0.0,양쪽존재,일치,허용,
대구,Ⅰ. 공통사업,1. 함께 돌보고 함께 일하는 사회(공통사업),629388.0,별도소계행,629388,0.0,0.0,0.0,0.0,양쪽존재,일치,허용,
대구,Ⅰ. 공통사업,2. 함께 만들어가는 행복한 노후(공통사업),791279.0,별도소계행,791279,0.0,0.0,0.0,0.0,양쪽존재,일치,허용,
대구,Ⅱ. 자체사업,1. 함께 돌보고 함께 일하는 사회(자체사업),226290.0,별도소계행,226290,0.0,0.0,0.0,0.0,양쪽존재,일치,허용,
대구,Ⅱ. 자체사업,2. 함께 만들어가는 행복한 노후(자체사업),118552.0,별도소계행,118553,1.0,1.0,0.0,0.0,양쪽존재,불일치,허용,
대구,Ⅱ. 자체사업,3. 인구변화 적극대비(자체사업),388.0,별도소계행,388,0.0,0.0,0.0,0.0,양쪽존재,일치,허용,
대전,Ⅰ. 공통사업,1. 함께 돌보고 함께 일하는 사회(공통사업),206832.0,별도소계행,206831,-1.0,1.0,-0.0,0.0,양쪽존재,불일치,허용,
대전,Ⅰ. 공통사업,2. 함께 만들어가는 행복한 노후(공통사업),416986.0,별도소계행,416986,0.0,0.0,0.0,0.0,양쪽존재,일치,허용,
대전,Ⅰ. 공통사업,3. 인구변화 적극대비(공통사업),79.0,별도소계행,79,0.0,0.0,0.0,0.0,양쪽존재,일치,허용,
대전,Ⅱ. 자체사업,1. 함께 돌보고 함께 일하는 사회(자체사업),24851.0,별도소계행,24852,1.0,1.0,0.0,0.0,양쪽존재,불일치,허용,
대전,Ⅱ. 자체사업,2. 함께 만들어가는 행복한 노후(자체사업),35908.0,별도소계행,35910,2.0,2.0,0.01,0.01,양쪽존재,불일치,허용,
대전,Ⅱ. 자체사업,3. 인구변화 적극대비(자체사업),429.0,별도소계행,430,1.0,1.0,0.23,0.23,양쪽존재,불일치,허용,
부산,Ⅰ. 공통사업,1. 함께 돌보고 함께 일하는 사회(공통사업),1011717.0,별도소계행,1011717,0.0,0.0,0.0,0.0,양쪽존재,일치,허용,
부산,Ⅰ. 공통사업,2. 함께 만들어가는 행복한 노후(공통사업),1278678.0,별도소계행,1278678,0.0,0.0,0.0,0.0,양쪽존재,일치,허용,
부산,Ⅰ. 공통사업,3. 인구변화 적극대비(공통사업),5644.0,별도소계행,5644,0.0,0.0,0.0,0.0,양쪽존재,일치,허용,
부산,Ⅱ. 자체사업,1. 함께 돌보고 함께 일하는 사회(자체사업),160051.0,별도소계행,160052,1.0,1.0,0.0,0.0,양쪽존재,불일치,허용,
부산,Ⅱ. 자체사업,2. 함께 만들어가는 행복한 노후(자체사업),65653.0,별도소계행,65653,0.0,0.0,0.0,0.0,양쪽존재,일치,허용,
부산,Ⅱ. 자체사업,3. 인구변화 적극대비(자체사업),3666.0,별도소계행,3669,3.0,3.0,0.08,0.08,양쪽존재,불일치,허용,
서울,Ⅰ. 공통사업,1. 함께 돌보고 함께 일하는 사회(공통사업),2985434.0,별도소계행,2985434,0.0,0.0,0.0,0.0,양쪽존재,일치,허용,
서울,Ⅰ. 공통사업,2. 함께 만들어가는 행복한 노후(공통사업),2372006.0,별도소계행,2372006,0.0,0.0,0.0,0.0,양쪽존재,일치,허용,
서울,Ⅰ. 공통사업,3. 인구변화 적극대비(공통사업),,중분류제목행,44,,,,,양쪽존재,판정불가,판정불가,원본 소계값 결측
서울,Ⅱ. 자체사업,1. 함께 돌보고 함께 일하는 사회(자체사업),414793.0,별도소계행,414793,0.0,0.0,0.0,0.0,양쪽존재,일치,허용,
서울,Ⅱ. 자체사업,2. 함께 만들어가는 행복한 노후(자체사업),134587.0,별도소계행,134587,0.0,0.0,0.0,0.0,양쪽존재,일치,허용,
서울,Ⅱ. 자체사업,3. 인구변화 적극대비(자체사업),445.0,별도소계행,445,0.0,0.0,0.0,0.0,양쪽존재,일치,허용,
세종,Ⅰ. 공통사업,1. 함께 돌보고 함께 일하는 사회(공통사업),68236.0,별도소계행,68236,0.0,0.0,0.0,0.0,양쪽존재,일치,허용,
세종,Ⅰ. 공통사업,2. 함께 만들어가는 행복한 노후(공통사업),30794.0,별도소계행,30793,-1.0,1.0,-0.0,0.0,양쪽존재,불일치,허용,
세종,Ⅰ. 공통사업,3. 인구변화 적극대비(공통사업),39.0,별도소계행,39,0.0,0.0,0.0,0.0,양쪽존재,일치,허용,
세종,Ⅱ. 자체사업,1. 함께 돌보고 함께 일하는 사회(자체사업),27611.0,별도소계행,27611,0.0,0.0,0.0,0.0,양쪽존재,일치,허용,
세종,Ⅱ. 자체사업,2. 함께 만들어가는 행복한 노후(자체사업),2856.0,별도소계행,2856,0.0,0.0,0.0,0.0,양쪽존재,일치,허용,
세종,Ⅱ. 자체사업,3. 인구변화 적극대비(자체사업),10.0,별도소계행,10,0.0,0.0,0.0,0.0,양쪽존재,일치,허용,
울산,Ⅰ. 공통사업,1. 함께 돌보고 함께 일하는 사회(공통사업),251834.0,별도소계행,251834,0.0,0.0,0.0,0.0,양쪽존재,일치,허용,
울산,Ⅰ. 공통사업,2. 함께 만들어가는 행복한 노후(공통사업),7844.0,별도소계행,7845,1.0,1.0,0.01,0.01,양쪽존재,불일치,허용,
울산,Ⅰ. 공통사업,3. 인구변화 적극대비(공통사업),,중분류제목행,39,,,,,양쪽존재,판정불가,판정불가,원본 소계값 결측
울산,Ⅱ. 자체사업,1. 함께 돌보고 함께 일하는 사회(자체사업),53055.0,별도소계행,53055,0.0,0.0,0.0,0.0,양쪽존재,일치,허용,
울산,Ⅱ. 자체사업,2. 함께 만들어가는 행복한 노후(자체사업),43675.0,별도소계행,43675,0.0,0.0,0.0,0.0,양쪽존재,일치,허용,
울산,Ⅱ. 자체사업,3. 인구변화 적극대비(자체사업),304.0,별도소계행,304,0.0,0.0,0.0,0.0,양쪽존재,일치,허용,
인천,Ⅰ. 공통사업,1. 함께 돌보고 함께 일하는 사회(공통사업),998427.0,별도소계행,998427,0.0,0.0,0.0,0.0,양쪽존재,일치,허용,
인천,Ⅰ. 공통사업,2. 함께 만들어가는 행복한 노후(공통사업),872092.0,별도소계행,872092,0.0,0.0,0.0,0.0,양쪽존재,일치,허용,
인천,Ⅰ. 공통사업,3. 인구변화 적극대비(공통사업),,중분류제목행,39,,,,,양쪽존재,판정불가,판정불가,원본 소계값 결측
인천,Ⅱ. 자체사업,1. 함께 돌보고 함께 일하는 사회(자체사업),239942.0,별도소계행,239943,1.0,1.0,0.0,0.0,양쪽존재,불일치,허용,
인천,Ⅱ. 자체사업,2. 함께 만들어가는 행복한 노후(자체사업),26591.0,별도소계행,26591,0.0,0.0,0.0,0.0,양쪽존재,일치,허용,
인천,Ⅱ. 자체사업,3. 인구변화 적극대비(자체사업),219.0,별도소계행,219,0.0,0.0,0.0,0.0,양쪽존재,일치,허용,
전남,Ⅰ. 공통사업,1. 함께 돌보고 함께 일하는 사회(공통사업),109897.0,별도소계행,109897,0.0,0.0,0.0,0.0,양쪽존재,일치,허용,
전남,Ⅰ. 공통사업,2. 함께 만들어가는 행복한 노후(공통사업),1163547.0,별도소계행,1163547,0.0,0.0,0.0,0.0,양쪽존재,일치,허용,
전남,Ⅰ. 공통사업,3. 인구변화 적극대비(공통사업),,중분류제목행,39,,,,,양쪽존재,판정불가,판정불가,원본 소계값 결측
전남,Ⅱ. 자체사업,1. 함께 돌보고 함께 일하는 사회(자체사업),102107.0,별도소계행,102107,0.0,0.0,0.0,0.0,양쪽존재,일치,허용,
전남,Ⅱ. 자체사업,2. 함께 만들어가는 행복한 노후(자체사업),163258.0,별도소계행,163257,-1.0,1.0,-0.0,0.0,양쪽존재,불일치,허용,
전남,Ⅱ. 자체사업,3. 인구변화 적극대비(자체사업),1483.0,별도소계행,1484,1.0,1.0,0.07,0.07,양쪽존재,불일치,허용,
전북,Ⅰ. 공통사업,1. 함께 돌보고 함께 일하는 사회(공통사업),632823.0,별도소계행,632823,0.0,0.0,0.0,0.0,양쪽존재,일치,허용,
전북,Ⅰ. 공통사업,2. 함께 만들어가는 행복한 노후(공통사업),980825.0,별도소계행,980825,0.0,0.0,0.0,0.0,양쪽존재,일치,허용,
전북,Ⅱ. 자체사업,1. 함께 돌보고 함께 일하는 사회(자체사업),140448.0,별도소계행,140450,2.0,2.0,0.0,0.0,양쪽존재,불일치,허용,
전북,Ⅱ. 자체사업,2. 함께 만들어가는 행복한 노후(자체사업),154404.0,별도소계행,154404,0.0,0.0,0.0,0.0,양쪽존재,일치,허용,
전북,Ⅱ. 자체사업,3. 인구변화 적극대비(자체사업),296.0,별도소계행,296,0.0,0.0,0.0,0.0,양쪽존재,일치,허용,
제주,Ⅰ. 공통사업,1. 함께 돌보고 함께 일하는 사회(공통사업),261002.0,별도소계행,261003,1.0,1.0,0.0,0.0,양쪽존재,불일치,허용,
제주,Ⅰ. 공통사업,2. 함께 만들어가는 행복한 노후(공통사업),203815.0,별도소계행,203815,0.0,0.0,0.0,0.0,양쪽존재,일치,허용,
제주,Ⅰ. 공통사업,3. 인구변화 적극대비(공통사업),146.0,별도소계행,146,0.0,0.0,0.0,0.0,양쪽존재,일치,허용,
제주,Ⅱ. 자체사업,1. 함께 돌보고 함께 일하는 사회(자체사업),152787.0,별도소계행,152787,0.0,0.0,0.0,0.0,양쪽존재,일치,허용,
제주,Ⅱ. 자체사업,2. 함께 만들어가는 행복한 노후(자체사업),70767.0,별도소계행,70767,0.0,0.0,0.0,0.0,양쪽존재,일치,허용,
제주,Ⅱ. 자체사업,3. 인구변화 적극대비(자체사업),567.0,별도소계행,567,0.0,0.0,0.0,0.0,양쪽존재,일치,허용,
충남,Ⅰ. 공통사업,1. 함께 돌보고 함께 일하는 사회(공통사업),590701.0,별도소계행,590701,0.0,0.0,0.0,0.0,양쪽존재,일치,허용,
충남,Ⅰ. 공통사업,2. 함께 만들어가는 행복한 노후(공통사업),893862.0,별도소계행,893862,0.0,0.0,0.0,0.0,양쪽존재,일치,허용,
충남,Ⅱ. 자체사업,1. 함께 돌보고 함께 일하는 사회(자체사업),269484.0,별도소계행,269486,2.0,2.0,0.0,0.0,양쪽존재,불일치,허용,
충남,Ⅱ. 자체사업,2. 함께 만들어가는 행복한 노후(자체사업),54309.0,별도소계행,54309,0.0,0.0,0.0,0.0,양쪽존재,일치,허용,
충남,Ⅱ. 자체사업,3. 인구변화 적극대비(자체사업),877.0,별도소계행,878,1.0,1.0,0.11,0.11,양쪽존재,불일치,허용,
충북,Ⅰ. 공통사업,1. 함께 돌보고 함께 일하는 사회(공통사업),477644.0,별도소계행,477644,0.0,0.0,0.0,0.0,양쪽존재,일치,허용,
충북,Ⅰ. 공통사업,2. 함께 만들어가는 행복한 노후(공통사업),565324.0,별도소계행,565324,0.0,0.0,0.0,0.0,양쪽존재,일치,허용,
충북,Ⅰ. 공통사업,3. 인구변화 적극대비(공통사업),,중분류제목행,39,,,,,양쪽존재,판정불가,판정불가,원본 소계값 결측
충북,Ⅱ. 자체사업,1. 함께 돌보고 함께 일하는 사회(자체사업),140192.0,별도소계행,140195,3.0,3.0,0.0,0.0,양쪽존재,불일치,허용,
충북,Ⅱ. 자체사업,2. 함께 만들어가는 행복한 노후(자체사업),31314.0,별도소계행,31315,1.0,1.0,0.0,0.0,양쪽존재,불일치,허용,
충북,Ⅱ. 자체사업,3. 인구변화 적극대비(자체사업),1824.0,별도소계행,1826,2.0,2.0,0.11,0.11,양쪽존재,불일치,허용,
